{"stats":{"minecraft:crafted":{"minecraft:oak_planks":12,"minecraft:crafting_table":1,"minecraft:stick":8,"minecraft:wooden_pickaxe":1},"minecraft:used":{"minecraft:dirt":1,"minecraft:crafting_table":1,"minecraft:wooden_pickaxe":11},"minecraft:custom":{"minecraft:time_since_rest":5077,"minecraft:crouch_one_cm":139,"minecraft:play_time":5077,"minecraft:sprint_one_cm":4761,"minecraft:walk_one_cm":3374,"minecraft:sneak_time":106,"minecraft:jump":50,"minecraft:time_since_death":5077,"minecraft:total_world_time":5077,"minecraft:interact_with_crafting_table":3,"minecraft:fall_one_cm":1370,"minecraft:fly_one_cm":14628},"minecraft:picked_up":{"minecraft:oak_log":3,"minecraft:dirt":1,"minecraft:cobblestone":10},"minecraft:mined":{"minecraft:short_grass":10,"minecraft:grass_block":1,"minecraft:oak_log":3,"minecraft:tall_grass":1,"minecraft:stone":10}},"DataVersion":3955}