{"stats":{"minecraft:crafted":{"minecraft:oak_planks":56,"minecraft:crafting_table":5,"minecraft:wooden_pickaxe":1,"minecraft:iron_helmet":1,"minecraft:iron_sword":1,"minecraft:furnace":1,"minecraft:bucket":1,"minecraft:bread":39,"minecraft:air":0,"minecraft:oak_boat":1,"minecraft:iron_boots":1,"minecraft:shield":1,"minecraft:iron_axe":1,"minecraft:stick":32,"minecraft:iron_pickaxe":1,"minecraft:iron_ingot":36,"minecraft:stone_pickaxe":1,"minecraft:wooden_axe":1,"minecraft:iron_leggings":1,"minecraft:torch":4,"minecraft:wheat":117},"minecraft:used":{"minecraft:water_bucket":4,"minecraft:stone_sword":50,"minecraft:stone_pickaxe":45,"minecraft:oak_planks":1,"minecraft:wooden_pickaxe":17,"minecraft:shield":3,"minecraft:iron_sword":3,"minecraft:torch":1,"minecraft:dirt":10,"minecraft:crafting_table":7,"minecraft:wooden_axe":2,"minecraft:iron_axe":1,"minecraft:bread":19,"minecraft:iron_pickaxe":33,"minecraft:stone_axe":44,"minecraft:cobblestone":14,"minecraft:furnace":2,"minecraft:bucket":5,"minecraft:egg":1,"minecraft:oak_boat":1},"minecraft:custom":{"minecraft:interact_with_furnace":40,"minecraft:mob_kills":8,"minecraft:interact_with_crafting_table":27,"minecraft:time_since_death":45747,"minecraft:time_since_rest":45778,"minecraft:sprint_one_cm":107425,"minecraft:damage_taken":1291,"minecraft:walk_one_cm":129587,"minecraft:damage_blocked_by_shield":94,"minecraft:drop":23,"minecraft:damage_dealt":2233,"minecraft:swim_one_cm":33884,"minecraft:talked_to_villager":1,"minecraft:fly_one_cm":228807,"minecraft:player_kills":1,"minecraft:open_chest":3,"minecraft:crouch_one_cm":1090,"minecraft:play_time":53077,"minecraft:deaths":2,"minecraft:sneak_time":884,"minecraft:walk_under_water_one_cm":5586,"minecraft:boat_one_cm":11425,"minecraft:jump":1066,"minecraft:walk_on_water_one_cm":5822,"minecraft:total_world_time":53077,"minecraft:fall_one_cm":28655},"minecraft:dropped":{"minecraft:iron_ingot":6,"minecraft:stone_axe":1,"minecraft:wheat_seeds":12,"minecraft:stone_sword":1,"minecraft:oak_fence":4,"minecraft:stick":5,"minecraft:wooden_axe":1,"minecraft:stone_pickaxe":1,"minecraft:wooden_pickaxe":2,"minecraft:bone":4},"minecraft:killed":{"minecraft:spider":1,"minecraft:sheep":3,"minecraft:skeleton":1,"minecraft:zombie":3},"minecraft:killed_by":{"minecraft:player":2},"minecraft:picked_up":{"minecraft:crafting_table":3,"minecraft:andesite":1,"minecraft:wooden_pickaxe":2,"minecraft:potato":1,"minecraft:oak_log":14,"minecraft:dirt":15,"minecraft:bone":4,"minecraft:wheat_seeds":12,"minecraft:cobbled_deepslate":1,"minecraft:iron_ingot":5,"minecraft:poppy":2,"minecraft:oak_planks":8,"minecraft:furnace":2,"minecraft:egg":1,"minecraft:raw_iron":49,"minecraft:oak_fence":4,"minecraft:torch":1,"minecraft:redstone":8,"minecraft:spider_eye":1,"minecraft:stone_sword":1,"minecraft:arrow":2,"minecraft:stone_axe":1,"minecraft:hay_block":13,"minecraft:granite":1,"minecraft:bread":6,"minecraft:mutton":6,"minecraft:coal":18,"minecraft:cobblestone":39,"minecraft:white_wool":3},"minecraft:mined":{"minecraft:deepslate_redstone_ore":2,"minecraft:oak_fence":2,"minecraft:crafting_table":2,"minecraft:torch":1,"minecraft:short_grass":60,"minecraft:grass_block":1,"minecraft:tall_grass":27,"minecraft:cobblestone":6,"minecraft:hay_block":12,"minecraft:furnace":2,"minecraft:iron_ore":39,"minecraft:andesite":1,"minecraft:oak_log":14,"minecraft:coal_ore":11,"minecraft:deepslate_iron_ore":4,"minecraft:dirt":4,"minecraft:stone":27,"minecraft:oak_leaves":1}},"DataVersion":3955}