{"stats":{"minecraft:crafted":{"minecraft:oak_planks":56,"minecraft:crafting_table":5,"minecraft:wooden_pickaxe":1,"minecraft:furnace":1,"minecraft:bread":39,"minecraft:air":0,"minecraft:oak_boat":1,"minecraft:shield":1,"minecraft:stick":16,"minecraft:iron_ingot":3,"minecraft:stone_pickaxe":1,"minecraft:wooden_axe":1,"minecraft:torch":4,"minecraft:wheat":117},"minecraft:used":{"minecraft:stone_sword":48,"minecraft:stone_pickaxe":45,"minecraft:oak_planks":1,"minecraft:wooden_pickaxe":17,"minecraft:shield":3,"minecraft:torch":1,"minecraft:dirt":1,"minecraft:crafting_table":6,"minecraft:wooden_axe":2,"minecraft:bread":17,"minecraft:stone_axe":44,"minecraft:cobblestone":11,"minecraft:furnace":1,"minecraft:egg":1,"minecraft:oak_boat":1},"minecraft:custom":{"minecraft:interact_with_furnace":4,"minecraft:mob_kills":7,"minecraft:interact_with_crafting_table":16,"minecraft:time_since_death":33747,"minecraft:time_since_rest":33778,"minecraft:sprint_one_cm":94555,"minecraft:damage_taken":1254,"minecraft:walk_one_cm":103384,"minecraft:damage_blocked_by_shield":94,"minecraft:drop":6,"minecraft:damage_dealt":1939,"minecraft:swim_one_cm":33884,"minecraft:talked_to_villager":1,"minecraft:fly_one_cm":214814,"minecraft:player_kills":1,"minecraft:open_chest":3,"minecraft:crouch_one_cm":728,"minecraft:play_time":41077,"minecraft:deaths":2,"minecraft:sneak_time":562,"minecraft:walk_under_water_one_cm":5201,"minecraft:boat_one_cm":11425,"minecraft:jump":914,"minecraft:walk_on_water_one_cm":5186,"minecraft:total_world_time":41077,"minecraft:fall_one_cm":24657},"minecraft:dropped":{"minecraft:iron_ingot":4,"minecraft:wooden_axe":1,"minecraft:wooden_pickaxe":1},"minecraft:killed":{"minecraft:spider":1,"minecraft:sheep":3,"minecraft:skeleton":1,"minecraft:zombie":2},"minecraft:killed_by":{"minecraft:player":2},"minecraft:picked_up":{"minecraft:crafting_table":2,"minecraft:andesite":1,"minecraft:wooden_pickaxe":2,"minecraft:oak_log":14,"minecraft:dirt":14,"minecraft:bone":2,"minecraft:wheat_seeds":6,"minecraft:iron_ingot":5,"minecraft:poppy":2,"minecraft:oak_planks":8,"minecraft:egg":1,"minecraft:raw_iron":17,"minecraft:oak_fence":2,"minecraft:torch":1,"minecraft:spider_eye":1,"minecraft:stone_sword":1,"minecraft:arrow":2,"minecraft:stone_axe":1,"minecraft:hay_block":13,"minecraft:bread":6,"minecraft:mutton":6,"minecraft:coal":11,"minecraft:cobblestone":34,"minecraft:white_wool":3},"minecraft:mined":{"minecraft:oak_fence":2,"minecraft:crafting_table":1,"minecraft:torch":1,"minecraft:short_grass":60,"minecraft:grass_block":1,"minecraft:tall_grass":27,"minecraft:cobblestone":6,"minecraft:hay_block":12,"minecraft:iron_ore":17,"minecraft:andesite":1,"minecraft:oak_log":14,"minecraft:coal_ore":11,"minecraft:dirt":4,"minecraft:stone":24,"minecraft:oak_leaves":1}},"DataVersion":3955}