{"stats":{"minecraft:crafted":{"minecraft:oak_planks":24,"minecraft:crafting_table":2,"minecraft:stick":12,"minecraft:wooden_pickaxe":1,"minecraft:wooden_axe":1,"minecraft:bread":6,"minecraft:wheat":18},"minecraft:used":{"minecraft:wooden_axe":2,"minecraft:stone_sword":5,"minecraft:bread":3,"minecraft:wooden_pickaxe":11,"minecraft:stone_axe":16,"minecraft:dirt":1,"minecraft:crafting_table":3,"minecraft:egg":1},"minecraft:custom":{"minecraft:time_since_rest":9778,"minecraft:sprint_one_cm":29163,"minecraft:damage_taken":624,"minecraft:walk_one_cm":22639,"minecraft:drop":2,"minecraft:damage_dealt":565,"minecraft:talked_to_villager":1,"minecraft:swim_one_cm":22109,"minecraft:interact_with_crafting_table":6,"minecraft:fly_one_cm":64029,"minecraft:player_kills":1,"minecraft:crouch_one_cm":139,"minecraft:play_time":17077,"minecraft:deaths":2,"minecraft:sneak_time":125,"minecraft:walk_under_water_one_cm":1262,"minecraft:jump":282,"minecraft:time_since_death":9747,"minecraft:walk_on_water_one_cm":1595,"minecraft:total_world_time":17077,"minecraft:fall_one_cm":6989},"minecraft:dropped":{"minecraft:wooden_axe":1,"minecraft:wooden_pickaxe":1},"minecraft:killed_by":{"minecraft:player":2},"minecraft:picked_up":{"minecraft:crafting_table":2,"minecraft:wooden_pickaxe":2,"minecraft:oak_log":6,"minecraft:dirt":1,"minecraft:stone_sword":1,"minecraft:stone_axe":1,"minecraft:wheat_seeds":2,"minecraft:hay_block":2,"minecraft:iron_ingot":4,"minecraft:poppy":2,"minecraft:oak_planks":8,"minecraft:cobblestone":10,"minecraft:egg":1},"minecraft:mined":{"minecraft:hay_block":2,"minecraft:short_grass":29,"minecraft:grass_block":1,"minecraft:oak_log":6,"minecraft:tall_grass":22,"minecraft:stone":10,"minecraft:oak_leaves":1}},"DataVersion":3955}