{"stats":{"minecraft:crafted":{"minecraft:oak_planks":164,"minecraft:furnace":1,"minecraft:diamond_shovel":1,"minecraft:flint_and_steel":1,"minecraft:diamond_helmet":1,"minecraft:iron_boots":1,"minecraft:diamond_leggings":1,"minecraft:iron_axe":1,"minecraft:stone_pickaxe":1,"minecraft:chest":1,"minecraft:diamond_boots":1,"minecraft:wheat":117,"minecraft:diamond_sword":2,"minecraft:diamond_axe":1,"minecraft:crafting_table":6,"minecraft:wooden_pickaxe":1,"minecraft:iron_helmet":1,"minecraft:iron_sword":1,"minecraft:bucket":1,"minecraft:bread":39,"minecraft:air":0,"minecraft:oak_boat":1,"minecraft:iron_chestplate":1,"minecraft:diamond_pickaxe":1,"minecraft:shield":1,"minecraft:stick":64,"minecraft:iron_ingot":36,"minecraft:iron_pickaxe":1,"minecraft:wooden_axe":1,"minecraft:iron_leggings":1,"minecraft:torch":4,"minecraft:diamond_chestplate":1},"minecraft:used":{"minecraft:stone_sword":50,"minecraft:flint_and_steel":1,"minecraft:chest":1,"minecraft:shield":7,"minecraft:iron_sword":133,"minecraft:netherrack":2,"minecraft:torch":3,"minecraft:dirt":10,"minecraft:tuff":2,"minecraft:obsidian":10,"minecraft:wooden_axe":2,"minecraft:lava_bucket":7,"minecraft:iron_axe":4,"minecraft:furnace":3,"minecraft:egg":1,"minecraft:cobbled_deepslate":37,"minecraft:water_bucket":18,"minecraft:stone_pickaxe":45,"minecraft:oak_planks":1,"minecraft:wooden_pickaxe":17,"minecraft:diamond_axe":13,"minecraft:crafting_table":12,"minecraft:white_bed":1,"minecraft:diamond_pickaxe":129,"minecraft:diamond_shovel":14,"minecraft:bread":40,"minecraft:iron_pickaxe":58,"minecraft:stone_axe":44,"minecraft:diamond_sword":78,"minecraft:cobblestone":28,"minecraft:bucket":27,"minecraft:oak_boat":1},"minecraft:custom":{"minecraft:mob_kills":69,"minecraft:interact_with_crafting_table":40,"minecraft:time_since_death":93747,"minecraft:sprint_one_cm":180903,"minecraft:walk_one_cm":249902,"minecraft:damage_blocked_by_shield":292,"minecraft:drop":99,"minecraft:talked_to_villager":1,"minecraft:play_time":101077,"minecraft:deaths":2,"minecraft:sneak_time":2899,"minecraft:walk_under_water_one_cm":6265,"minecraft:boat_one_cm":11425,"minecraft:jump":1949,"minecraft:walk_on_water_one_cm":14841,"minecraft:total_world_time":101077,"minecraft:interact_with_furnace":40,"minecraft:time_since_rest":93778,"minecraft:damage_taken":3100,"minecraft:damage_dealt":14348,"minecraft:player_kills":3,"minecraft:swim_one_cm":33884,"minecraft:fly_one_cm":430626,"minecraft:open_chest":29,"minecraft:crouch_one_cm":3456,"minecraft:fall_one_cm":55110},"minecraft:dropped":{"minecraft:iron_ingot":22,"minecraft:bread":22,"minecraft:iron_sword":5,"minecraft:wheat_seeds":12,"minecraft:glow_ink_sac":3,"minecraft:oak_fence":4,"minecraft:iron_helmet":1,"minecraft:apple":8,"minecraft:leather":10,"minecraft:stick":31,"minecraft:brewing_stand":1,"minecraft:wooden_axe":1,"minecraft:iron_leggings":3,"minecraft:wooden_sword":1,"minecraft:iron_axe":5,"minecraft:bone":22,"minecraft:stone_axe":3,"minecraft:stone_sword":3,"minecraft:cobbled_deepslate":4,"minecraft:chicken":33,"minecraft:rotten_flesh":21,"minecraft:iron_boots":1,"minecraft:diamond_sword":1,"minecraft:leather_chestplate":3,"minecraft:potato":1,"minecraft:shield":6,"minecraft:gunpowder":2,"minecraft:iron_chestplate":2,"minecraft:chest":1,"minecraft:oak_sapling":20,"minecraft:spider_eye":4,"minecraft:stone_pickaxe":1,"minecraft:wooden_pickaxe":5},"minecraft:killed":{"minecraft:spider":5,"minecraft:skeleton":18,"minecraft:zombie_villager":1,"minecraft:creeper":1,"minecraft:sheep":3,"minecraft:zombie":40,"minecraft:enderman":1},"minecraft:killed_by":{"minecraft:player":2},"minecraft:picked_up":{"minecraft:crafting_table":7,"minecraft:iron_chestplate":1,"minecraft:chicken":44,"minecraft:wooden_pickaxe":5,"minecraft:gold_block":16,"minecraft:brewing_stand":1,"minecraft:shield":5,"minecraft:string":3,"minecraft:iron_axe":4,"minecraft:wooden_sword":1,"minecraft:iron_leggings":2,"minecraft:cobbled_deepslate":45,"minecraft:beef":7,"minecraft:poppy":4,"minecraft:lectern":1,"minecraft:chest":1,"minecraft:egg":1,"minecraft:furnace":2,"minecraft:raw_iron":49,"minecraft:oak_door":1,"minecraft:oak_fence":4,"minecraft:torch":4,"minecraft:redstone":8,"minecraft:stone_sword":3,"minecraft:arrow":21,"minecraft:rotten_flesh":59,"minecraft:hay_block":13,"minecraft:mutton":6,"minecraft:obsidian":10,"minecraft:white_wool":3,"minecraft:cobblestone":53,"minecraft:leather_chestplate":3,"minecraft:feather":11,"minecraft:glow_ink_sac":6,"minecraft:water_bucket":1,"minecraft:andesite":2,"minecraft:leather":10,"minecraft:potato":2,"minecraft:flint":1,"minecraft:tuff":2,"minecraft:oak_log":41,"minecraft:gunpowder":3,"minecraft:map":2,"minecraft:dirt":37,"minecraft:bone":31,"minecraft:apple":8,"minecraft:wheat_seeds":12,"minecraft:raw_gold":5,"minecraft:iron_ingot":22,"minecraft:stone_pickaxe":1,"minecraft:oak_planks":10,"minecraft:iron_sword":4,"minecraft:book":12,"minecraft:gravel":5,"minecraft:white_bed":1,"minecraft:spider_eye":6,"minecraft:diamond":36,"minecraft:stone_axe":3,"minecraft:granite":2,"minecraft:bread":83,"minecraft:oak_sapling":20,"minecraft:netherrack":35,"minecraft:coal":20},"minecraft:mined":{"minecraft:tuff":2,"minecraft:deepslate_diamond_ore":36,"minecraft:obsidian":10,"minecraft:grass_block":2,"minecraft:spawner":1,"minecraft:hay_block":12,"minecraft:polished_blackstone_bricks":1,"minecraft:furnace":2,"minecraft:iron_ore":39,"minecraft:cobbled_deepslate":3,"minecraft:andesite":1,"minecraft:gold_block":16,"minecraft:dirt_path":1,"minecraft:deepslate_iron_ore":4,"minecraft:stone":36,"minecraft:deepslate_redstone_ore":2,"minecraft:crafting_table":6,"minecraft:oak_fence":2,"minecraft:torch":1,"minecraft:short_grass":97,"minecraft:cobblestone":10,"minecraft:tall_grass":29,"minecraft:deepslate_gold_ore":2,"minecraft:oak_planks":5,"minecraft:coal_ore":11,"minecraft:oak_log":19,"minecraft:gravel":6,"minecraft:dirt":6,"minecraft:netherrack":39,"minecraft:oak_leaves":1,"minecraft:deepslate":21}},"DataVersion":3955}