{"stats":{"minecraft:crafted":{"minecraft:oak_planks":140,"minecraft:diamond_axe":1,"minecraft:crafting_table":5,"minecraft:wooden_pickaxe":1,"minecraft:iron_helmet":1,"minecraft:iron_sword":1,"minecraft:furnace":1,"minecraft:bucket":1,"minecraft:bread":39,"minecraft:air":0,"minecraft:oak_boat":1,"minecraft:diamond_leggings":1,"minecraft:diamond_helmet":1,"minecraft:iron_chestplate":1,"minecraft:iron_boots":1,"minecraft:diamond_pickaxe":1,"minecraft:shield":1,"minecraft:iron_axe":1,"minecraft:stick":32,"minecraft:iron_pickaxe":1,"minecraft:iron_ingot":36,"minecraft:stone_pickaxe":1,"minecraft:wooden_axe":1,"minecraft:chest":1,"minecraft:diamond_boots":1,"minecraft:iron_leggings":1,"minecraft:torch":4,"minecraft:diamond_chestplate":1,"minecraft:wheat":117},"minecraft:used":{"minecraft:water_bucket":5,"minecraft:stone_sword":50,"minecraft:stone_pickaxe":45,"minecraft:oak_planks":1,"minecraft:chest":1,"minecraft:wooden_pickaxe":17,"minecraft:shield":5,"minecraft:iron_sword":60,"minecraft:diamond_axe":8,"minecraft:torch":2,"minecraft:dirt":10,"minecraft:crafting_table":11,"minecraft:white_bed":1,"minecraft:tuff":2,"minecraft:wooden_axe":2,"minecraft:diamond_pickaxe":30,"minecraft:iron_axe":4,"minecraft:bread":25,"minecraft:iron_pickaxe":58,"minecraft:stone_axe":44,"minecraft:cobblestone":14,"minecraft:furnace":3,"minecraft:bucket":6,"minecraft:egg":1,"minecraft:oak_boat":1,"minecraft:cobbled_deepslate":29},"minecraft:custom":{"minecraft:interact_with_furnace":40,"minecraft:mob_kills":23,"minecraft:interact_with_crafting_table":34,"minecraft:time_since_death":57747,"minecraft:time_since_rest":57778,"minecraft:sprint_one_cm":133101,"minecraft:damage_taken":1658,"minecraft:walk_one_cm":165671,"minecraft:damage_blocked_by_shield":264,"minecraft:drop":27,"minecraft:damage_dealt":5751,"minecraft:swim_one_cm":33884,"minecraft:talked_to_villager":1,"minecraft:fly_one_cm":287591,"minecraft:player_kills":2,"minecraft:open_chest":3,"minecraft:crouch_one_cm":1988,"minecraft:play_time":65077,"minecraft:deaths":2,"minecraft:sneak_time":1340,"minecraft:walk_under_water_one_cm":5825,"minecraft:boat_one_cm":11425,"minecraft:jump":1370,"minecraft:walk_on_water_one_cm":6885,"minecraft:total_world_time":65077,"minecraft:fall_one_cm":39754},"minecraft:dropped":{"minecraft:iron_ingot":6,"minecraft:stone_axe":1,"minecraft:wheat_seeds":12,"minecraft:stone_sword":1,"minecraft:oak_fence":4,"minecraft:iron_helmet":1,"minecraft:iron_boots":1,"minecraft:stick":5,"minecraft:iron_chestplate":1,"minecraft:wooden_axe":1,"minecraft:iron_leggings":1,"minecraft:stone_pickaxe":1,"minecraft:wooden_pickaxe":2,"minecraft:bone":4},"minecraft:killed":{"minecraft:spider":3,"minecraft:creeper":1,"minecraft:sheep":3,"minecraft:skeleton":4,"minecraft:zombie":12},"minecraft:killed_by":{"minecraft:player":2},"minecraft:picked_up":{"minecraft:iron_chestplate":1,"minecraft:crafting_table":7,"minecraft:feather":8,"minecraft:andesite":2,"minecraft:wooden_pickaxe":2,"minecraft:potato":1,"minecraft:tuff":2,"minecraft:oak_log":35,"minecraft:gunpowder":1,"minecraft:string":1,"minecraft:dirt":15,"minecraft:iron_leggings":1,"minecraft:bone":4,"minecraft:wheat_seeds":12,"minecraft:cobbled_deepslate":29,"minecraft:raw_gold":2,"minecraft:stone_pickaxe":1,"minecraft:iron_ingot":6,"minecraft:poppy":4,"minecraft:oak_planks":10,"minecraft:furnace":2,"minecraft:egg":1,"minecraft:raw_iron":49,"minecraft:oak_fence":4,"minecraft:torch":1,"minecraft:white_bed":1,"minecraft:redstone":8,"minecraft:spider_eye":1,"minecraft:stone_sword":1,"minecraft:arrow":5,"minecraft:rotten_flesh":4,"minecraft:diamond":31,"minecraft:stone_axe":1,"minecraft:hay_block":13,"minecraft:granite":2,"minecraft:bread":67,"minecraft:mutton":6,"minecraft:coal":18,"minecraft:cobblestone":39,"minecraft:white_wool":3},"minecraft:mined":{"minecraft:deepslate_redstone_ore":2,"minecraft:tuff":2,"minecraft:deepslate_diamond_ore":31,"minecraft:oak_fence":2,"minecraft:crafting_table":6,"minecraft:torch":1,"minecraft:short_grass":60,"minecraft:grass_block":1,"minecraft:tall_grass":27,"minecraft:cobblestone":6,"minecraft:deepslate_gold_ore":2,"minecraft:oak_planks":5,"minecraft:hay_block":12,"minecraft:furnace":2,"minecraft:iron_ore":39,"minecraft:cobbled_deepslate":2,"minecraft:andesite":1,"minecraft:oak_log":14,"minecraft:coal_ore":11,"minecraft:deepslate_iron_ore":4,"minecraft:dirt":4,"minecraft:stone":27,"minecraft:deepslate":18,"minecraft:oak_leaves":1}},"DataVersion":3955}