{"stats":{"minecraft:crafted":{"minecraft:oak_planks":140,"minecraft:furnace":1,"minecraft:diamond_helmet":1,"minecraft:iron_boots":1,"minecraft:diamond_leggings":1,"minecraft:iron_axe":1,"minecraft:stone_pickaxe":1,"minecraft:chest":1,"minecraft:diamond_boots":1,"minecraft:wheat":117,"minecraft:diamond_sword":2,"minecraft:diamond_axe":1,"minecraft:crafting_table":5,"minecraft:wooden_pickaxe":1,"minecraft:iron_helmet":1,"minecraft:iron_sword":1,"minecraft:bucket":1,"minecraft:bread":39,"minecraft:air":0,"minecraft:oak_boat":1,"minecraft:iron_chestplate":1,"minecraft:diamond_pickaxe":1,"minecraft:shield":1,"minecraft:stick":60,"minecraft:iron_ingot":36,"minecraft:iron_pickaxe":1,"minecraft:wooden_axe":1,"minecraft:iron_leggings":1,"minecraft:torch":4,"minecraft:diamond_chestplate":1},"minecraft:used":{"minecraft:stone_sword":50,"minecraft:chest":1,"minecraft:shield":7,"minecraft:iron_sword":133,"minecraft:torch":3,"minecraft:dirt":10,"minecraft:tuff":2,"minecraft:wooden_axe":2,"minecraft:iron_axe":4,"minecraft:furnace":3,"minecraft:egg":1,"minecraft:cobbled_deepslate":33,"minecraft:water_bucket":5,"minecraft:stone_pickaxe":45,"minecraft:oak_planks":1,"minecraft:wooden_pickaxe":17,"minecraft:diamond_axe":8,"minecraft:crafting_table":11,"minecraft:white_bed":1,"minecraft:diamond_pickaxe":41,"minecraft:bread":36,"minecraft:iron_pickaxe":58,"minecraft:stone_axe":44,"minecraft:diamond_sword":33,"minecraft:cobblestone":18,"minecraft:bucket":6,"minecraft:oak_boat":1},"minecraft:custom":{"minecraft:mob_kills":54,"minecraft:interact_with_crafting_table":37,"minecraft:time_since_death":69747,"minecraft:sprint_one_cm":146491,"minecraft:walk_one_cm":209453,"minecraft:damage_blocked_by_shield":292,"minecraft:drop":87,"minecraft:talked_to_villager":1,"minecraft:play_time":77077,"minecraft:deaths":2,"minecraft:sneak_time":1950,"minecraft:walk_under_water_one_cm":5825,"minecraft:boat_one_cm":11425,"minecraft:jump":1613,"minecraft:walk_on_water_one_cm":10784,"minecraft:total_world_time":77077,"minecraft:interact_with_furnace":40,"minecraft:time_since_rest":69778,"minecraft:damage_taken":2124,"minecraft:damage_dealt":11654,"minecraft:player_kills":3,"minecraft:swim_one_cm":33884,"minecraft:fly_one_cm":319673,"minecraft:open_chest":20,"minecraft:crouch_one_cm":3029,"minecraft:fall_one_cm":45534},"minecraft:dropped":{"minecraft:iron_ingot":18,"minecraft:bread":22,"minecraft:iron_sword":5,"minecraft:wheat_seeds":12,"minecraft:oak_fence":4,"minecraft:iron_helmet":1,"minecraft:apple":8,"minecraft:leather":5,"minecraft:stick":31,"minecraft:brewing_stand":1,"minecraft:wooden_axe":1,"minecraft:iron_leggings":3,"minecraft:wooden_sword":1,"minecraft:iron_axe":5,"minecraft:bone":4,"minecraft:stone_axe":3,"minecraft:stone_sword":1,"minecraft:chicken":33,"minecraft:iron_boots":1,"minecraft:diamond_sword":1,"minecraft:leather_chestplate":2,"minecraft:potato":1,"minecraft:shield":6,"minecraft:gunpowder":1,"minecraft:iron_chestplate":2,"minecraft:chest":1,"minecraft:oak_sapling":20,"minecraft:spider_eye":2,"minecraft:stone_pickaxe":1,"minecraft:wooden_pickaxe":4},"minecraft:killed":{"minecraft:spider":5,"minecraft:skeleton":11,"minecraft:creeper":1,"minecraft:sheep":3,"minecraft:zombie":33,"minecraft:enderman":1},"minecraft:killed_by":{"minecraft:player":2},"minecraft:picked_up":{"minecraft:crafting_table":7,"minecraft:iron_chestplate":1,"minecraft:chicken":33,"minecraft:wooden_pickaxe":4,"minecraft:brewing_stand":1,"minecraft:shield":5,"minecraft:string":3,"minecraft:iron_axe":4,"minecraft:wooden_sword":1,"minecraft:iron_leggings":2,"minecraft:cobbled_deepslate":37,"minecraft:beef":7,"minecraft:poppy":4,"minecraft:chest":1,"minecraft:egg":1,"minecraft:furnace":2,"minecraft:raw_iron":49,"minecraft:oak_fence":4,"minecraft:torch":3,"minecraft:redstone":8,"minecraft:stone_sword":1,"minecraft:arrow":14,"minecraft:rotten_flesh":29,"minecraft:hay_block":13,"minecraft:mutton":6,"minecraft:obsidian":1,"minecraft:white_wool":3,"minecraft:cobblestone":42,"minecraft:leather_chestplate":2,"minecraft:feather":8,"minecraft:glow_ink_sac":3,"minecraft:water_bucket":1,"minecraft:andesite":2,"minecraft:leather":5,"minecraft:potato":2,"minecraft:tuff":2,"minecraft:oak_log":35,"minecraft:gunpowder":2,"minecraft:map":2,"minecraft:dirt":33,"minecraft:bone":26,"minecraft:apple":8,"minecraft:wheat_seeds":12,"minecraft:raw_gold":5,"minecraft:iron_ingot":18,"minecraft:stone_pickaxe":1,"minecraft:oak_planks":10,"minecraft:iron_sword":4,"minecraft:book":12,"minecraft:white_bed":1,"minecraft:spider_eye":4,"minecraft:diamond":36,"minecraft:stone_axe":3,"minecraft:granite":2,"minecraft:bread":83,"minecraft:oak_sapling":20,"minecraft:coal":18},"minecraft:mined":{"minecraft:tuff":2,"minecraft:deepslate_diamond_ore":36,"minecraft:obsidian":1,"minecraft:grass_block":1,"minecraft:hay_block":12,"minecraft:furnace":2,"minecraft:iron_ore":39,"minecraft:cobbled_deepslate":3,"minecraft:andesite":1,"minecraft:deepslate_iron_ore":4,"minecraft:stone":27,"minecraft:deepslate_redstone_ore":2,"minecraft:crafting_table":6,"minecraft:oak_fence":2,"minecraft:torch":1,"minecraft:short_grass":60,"minecraft:cobblestone":8,"minecraft:tall_grass":27,"minecraft:deepslate_gold_ore":2,"minecraft:oak_planks":5,"minecraft:coal_ore":11,"minecraft:oak_log":14,"minecraft:dirt":4,"minecraft:oak_leaves":1,"minecraft:deepslate":20}},"DataVersion":3955}