{"stats":{"minecraft:picked_up":{"minecraft:crafting_table":8,"minecraft:iron_chestplate":1,"minecraft:chicken":44,"minecraft:wooden_pickaxe":5,"minecraft:oak_stairs":2,"minecraft:gold_block":16,"minecraft:brewing_stand":1,"minecraft:shield":5,"minecraft:string":3,"minecraft:iron_axe":4,"minecraft:wooden_sword":1,"minecraft:iron_leggings":2,"minecraft:cobbled_deepslate":45,"minecraft:beef":7,"minecraft:poppy":4,"minecraft:lectern":1,"minecraft:chest":1,"minecraft:furnace":2,"minecraft:egg":1,"minecraft:raw_iron":49,"minecraft:oak_door":1,"minecraft:oak_fence":4,"minecraft:torch":4,"minecraft:redstone":8,"minecraft:stone_sword":3,"minecraft:rotten_flesh":64,"minecraft:arrow":23,"minecraft:diamond_chestplate":2,"minecraft:diamond_boots":2,"minecraft:hay_block":13,"minecraft:iron_block":1,"minecraft:blaze_rod":7,"minecraft:obsidian":10,"minecraft:mutton":6,"minecraft:white_wool":3,"minecraft:cobblestone":53,"minecraft:oxeye_daisy":1,"minecraft:leather_chestplate":3,"minecraft:feather":11,"minecraft:glow_ink_sac":6,"minecraft:water_bucket":1,"minecraft:andesite":2,"minecraft:leather":10,"minecraft:potato":2,"minecraft:flint":1,"minecraft:tuff":2,"minecraft:oak_log":62,"minecraft:gunpowder":3,"minecraft:map":2,"minecraft:dirt":305,"minecraft:bone":32,"minecraft:apple":8,"minecraft:wheat_seeds":52,"minecraft:raw_gold":5,"minecraft:stone_pickaxe":1,"minecraft:iron_ingot":22,"minecraft:iron_sword":4,"minecraft:oak_planks":34,"minecraft:book":12,"minecraft:dandelion":8,"minecraft:gravel":5,"minecraft:white_bed":1,"minecraft:crying_obsidian":2,"minecraft:spider_eye":6,"minecraft:diamond":36,"minecraft:stone_axe":3,"minecraft:granite":2,"minecraft:diamond_axe":1,"minecraft:bread":86,"minecraft:oak_sapling":22,"minecraft:netherrack":37,"minecraft:coal":20},"minecraft:used":{"minecraft:stone_sword":50,"minecraft:flint_and_steel":2,"minecraft:chest":3,"minecraft:shield":7,"minecraft:iron_sword":133,"minecraft:netherrack":7,"minecraft:torch":3,"minecraft:dirt":261,"minecraft:tuff":2,"minecraft:obsidian":10,"minecraft:wooden_axe":2,"minecraft:lava_bucket":7,"minecraft:iron_axe":4,"minecraft:oak_stairs":12,"minecraft:furnace":3,"minecraft:egg":1,"minecraft:cobbled_deepslate":37,"minecraft:water_bucket":18,"minecraft:diamond_boots":2,"minecraft:stone_pickaxe":45,"minecraft:oak_planks":1,"minecraft:wooden_pickaxe":17,"minecraft:diamond_axe":29,"minecraft:crafting_table":13,"minecraft:white_bed":1,"minecraft:diamond_pickaxe":131,"minecraft:diamond_shovel":477,"minecraft:bread":45,"minecraft:iron_pickaxe":58,"minecraft:stone_axe":44,"minecraft:diamond_sword":228,"minecraft:cobblestone":28,"minecraft:cooked_porkchop":1,"minecraft:bucket":27,"minecraft:oak_boat":1},"minecraft:dropped":{"minecraft:iron_ingot":22,"minecraft:bread":25,"minecraft:iron_sword":5,"minecraft:wheat_seeds":22,"minecraft:diamond_axe":1,"minecraft:glow_ink_sac":3,"minecraft:oak_fence":4,"minecraft:iron_helmet":1,"minecraft:leather":10,"minecraft:apple":8,"minecraft:stick":33,"minecraft:dirt":1,"minecraft:iron_block":1,"minecraft:brewing_stand":1,"minecraft:wooden_axe":1,"minecraft:iron_leggings":3,"minecraft:wooden_sword":1,"minecraft:iron_axe":5,"minecraft:bone":31,"minecraft:stone_axe":3,"minecraft:stone_sword":3,"minecraft:cobbled_deepslate":4,"minecraft:chicken":33,"minecraft:rotten_flesh":21,"minecraft:oak_planks":4,"minecraft:iron_boots":1,"minecraft:diamond_sword":1,"minecraft:leather_chestplate":3,"minecraft:potato":1,"minecraft:shield":6,"minecraft:gunpowder":2,"minecraft:diamond_chestplate":2,"minecraft:iron_chestplate":2,"minecraft:chest":1,"minecraft:oak_sapling":20,"minecraft:spider_eye":4,"minecraft:diamond_boots":2,"minecraft:wooden_pickaxe":5,"minecraft:stone_pickaxe":1,"minecraft:crying_obsidian":2},"minecraft:custom":{"minecraft:mob_kills":85,"minecraft:interact_with_crafting_table":46,"minecraft:leave_game":1,"minecraft:time_since_death":121848,"minecraft:sprint_one_cm":225334,"minecraft:walk_one_cm":401068,"minecraft:damage_blocked_by_shield":292,"minecraft:drop":115,"minecraft:talked_to_villager":1,"minecraft:play_time":129178,"minecraft:sneak_time":3334,"minecraft:deaths":2,"minecraft:walk_under_water_one_cm":6265,"minecraft:boat_one_cm":11425,"minecraft:jump":2273,"minecraft:walk_on_water_one_cm":15207,"minecraft:total_world_time":129178,"minecraft:interact_with_furnace":40,"minecraft:time_since_rest":121879,"minecraft:damage_taken":4364,"minecraft:damage_dealt":17597,"minecraft:player_kills":4,"minecraft:swim_one_cm":33884,"minecraft:fly_one_cm":532948,"minecraft:open_chest":37,"minecraft:crouch_one_cm":3782,"minecraft:fall_one_cm":62425},"minecraft:mined":{"minecraft:tuff":2,"minecraft:deepslate_diamond_ore":36,"minecraft:obsidian":10,"minecraft:grass_block":217,"minecraft:oxeye_daisy":1,"minecraft:spawner":1,"minecraft:hay_block":12,"minecraft:polished_blackstone_bricks":1,"minecraft:furnace":2,"minecraft:iron_ore":39,"minecraft:cobbled_deepslate":3,"minecraft:fire":2,"minecraft:andesite":1,"minecraft:gold_block":16,"minecraft:deepslate_iron_ore":4,"minecraft:dirt_path":12,"minecraft:oak_stairs":2,"minecraft:stone":36,"minecraft:deepslate_redstone_ore":2,"minecraft:dandelion":10,"minecraft:oak_fence":2,"minecraft:crafting_table":7,"minecraft:torch":1,"minecraft:short_grass":310,"minecraft:tall_grass":45,"minecraft:cobblestone":10,"minecraft:deepslate_gold_ore":2,"minecraft:oak_planks":5,"minecraft:oak_log":32,"minecraft:coal_ore":11,"minecraft:gravel":6,"minecraft:dirt":50,"minecraft:netherrack":41,"minecraft:oak_leaves":5,"minecraft:deepslate":21},"minecraft:killed":{"minecraft:spider":5,"minecraft:skeleton":19,"minecraft:zombie_villager":1,"minecraft:creeper":1,"minecraft:sheep":3,"minecraft:zombie":44,"minecraft:enderman":1,"minecraft:blaze":10},"minecraft:killed_by":{"minecraft:player":2},"minecraft:crafted":{"minecraft:oak_planks":216,"minecraft:blaze_powder":14,"minecraft:furnace":1,"minecraft:diamond_shovel":1,"minecraft:flint_and_steel":1,"minecraft:diamond_helmet":1,"minecraft:diamond_leggings":1,"minecraft:iron_boots":1,"minecraft:iron_axe":1,"minecraft:stone_pickaxe":1,"minecraft:chest":3,"minecraft:diamond_boots":1,"minecraft:wheat":117,"minecraft:diamond_sword":2,"minecraft:diamond_axe":1,"minecraft:crafting_table":7,"minecraft:wooden_pickaxe":1,"minecraft:iron_helmet":1,"minecraft:iron_sword":1,"minecraft:bucket":1,"minecraft:bread":39,"minecraft:air":0,"minecraft:oak_boat":1,"minecraft:iron_chestplate":1,"minecraft:diamond_pickaxe":1,"minecraft:shield":1,"minecraft:stick":64,"minecraft:iron_ingot":36,"minecraft:iron_pickaxe":1,"minecraft:oak_stairs":12,"minecraft:wooden_axe":1,"minecraft:iron_leggings":1,"minecraft:torch":4,"minecraft:diamond_chestplate":1}},"DataVersion":3955}