{"stats":{"minecraft:crafted":{"minecraft:oak_boat":1,"minecraft:oak_planks":56,"minecraft:shield":1,"minecraft:crafting_table":4,"minecraft:stick":12,"minecraft:wooden_pickaxe":1,"minecraft:stone_pickaxe":1,"minecraft:wooden_axe":1,"minecraft:bread":6,"minecraft:wheat":81},"minecraft:used":{"minecraft:wooden_axe":2,"minecraft:stone_sword":38,"minecraft:bread":12,"minecraft:oak_planks":1,"minecraft:shield":3,"minecraft:wooden_pickaxe":17,"minecraft:stone_axe":42,"minecraft:dirt":1,"minecraft:crafting_table":5,"minecraft:oak_boat":1,"minecraft:egg":1},"minecraft:custom":{"minecraft:time_since_rest":21778,"minecraft:sprint_one_cm":59124,"minecraft:damage_taken":1149,"minecraft:walk_one_cm":59978,"minecraft:damage_blocked_by_shield":94,"minecraft:mob_kills":6,"minecraft:drop":6,"minecraft:damage_dealt":1704,"minecraft:talked_to_villager":1,"minecraft:swim_one_cm":30792,"minecraft:interact_with_crafting_table":12,"minecraft:fly_one_cm":148646,"minecraft:player_kills":1,"minecraft:open_chest":3,"minecraft:crouch_one_cm":290,"minecraft:play_time":29077,"minecraft:deaths":2,"minecraft:sneak_time":345,"minecraft:walk_under_water_one_cm":2421,"minecraft:boat_one_cm":11425,"minecraft:jump":574,"minecraft:time_since_death":21747,"minecraft:walk_on_water_one_cm":3240,"minecraft:total_world_time":29077,"minecraft:fall_one_cm":14196},"minecraft:dropped":{"minecraft:iron_ingot":4,"minecraft:wooden_axe":1,"minecraft:wooden_pickaxe":1},"minecraft:killed_by":{"minecraft:player":2},"minecraft:killed":{"minecraft:sheep":3,"minecraft:skeleton":1,"minecraft:zombie":1,"minecraft:spider":1},"minecraft:picked_up":{"minecraft:crafting_table":2,"minecraft:oak_fence":2,"minecraft:wooden_pickaxe":2,"minecraft:oak_log":14,"minecraft:spider_eye":1,"minecraft:dirt":13,"minecraft:bone":2,"minecraft:stone_sword":1,"minecraft:arrow":2,"minecraft:stone_axe":1,"minecraft:wheat_seeds":6,"minecraft:hay_block":9,"minecraft:iron_ingot":5,"minecraft:bread":6,"minecraft:poppy":2,"minecraft:mutton":6,"minecraft:oak_planks":8,"minecraft:white_wool":3,"minecraft:cobblestone":16,"minecraft:egg":1},"minecraft:mined":{"minecraft:hay_block":8,"minecraft:oak_fence":2,"minecraft:short_grass":59,"minecraft:grass_block":1,"minecraft:oak_log":14,"minecraft:dirt":4,"minecraft:tall_grass":26,"minecraft:cobblestone":6,"minecraft:stone":10,"minecraft:oak_leaves":1}},"DataVersion":3955}