{"stats":{"minecraft:crafted":{"minecraft:oak_planks":36,"minecraft:crafting_table":1,"minecraft:stick":4,"minecraft:wooden_pickaxe":1,"minecraft:wooden_axe":1},"minecraft:used":{"minecraft:wooden_axe":27,"minecraft:apple":1,"minecraft:wooden_pickaxe":12,"minecraft:dirt":4,"minecraft:mutton":2,"minecraft:crafting_table":1,"minecraft:porkchop":2},"minecraft:custom":{"minecraft:time_since_rest":11160,"minecraft:sprint_one_cm":24560,"minecraft:damage_taken":303,"minecraft:walk_one_cm":34868,"minecraft:mob_kills":10,"minecraft:drop":2,"minecraft:damage_dealt":839,"minecraft:swim_one_cm":3803,"minecraft:interact_with_crafting_table":1,"minecraft:fly_one_cm":52280,"minecraft:open_chest":1,"minecraft:play_time":11160,"minecraft:walk_under_water_one_cm":98,"minecraft:jump":304,"minecraft:walk_on_water_one_cm":969,"minecraft:time_since_death":11160,"minecraft:climb_one_cm":584,"minecraft:total_world_time":11160,"minecraft:fall_one_cm":7192},"minecraft:dropped":{"minecraft:crafting_table":1,"minecraft:oak_planks":8},"minecraft:killed":{"minecraft:sheep":1,"minecraft:pig":3,"minecraft:chicken":6},"minecraft:picked_up":{"minecraft:stick":2,"minecraft:crafting_table":2,"minecraft:feather":5,"minecraft:chicken":6,"minecraft:porkchop":5,"minecraft:oak_log":9,"minecraft:white_bed":1,"minecraft:dirt":9,"minecraft:apple":1,"minecraft:wheat_seeds":3,"minecraft:hay_block":5,"minecraft:mutton":2,"minecraft:oak_planks":8,"minecraft:white_wool":1,"minecraft:cobblestone":11,"minecraft:egg":1},"minecraft:mined":{"minecraft:hay_block":5,"minecraft:white_bed":1,"minecraft:crafting_table":1,"minecraft:short_grass":11,"minecraft:grass_block":6,"minecraft:oak_log":9,"minecraft:dirt":3,"minecraft:tall_grass":1,"minecraft:stone":11,"minecraft:oak_leaves":7}},"DataVersion":3955}