{"stats":{"minecraft:crafted":{"minecraft:oak_planks":36,"minecraft:furnace":2,"minecraft:stone_pickaxe":1,"minecraft:wheat":279,"minecraft:crafting_table":1,"minecraft:wooden_pickaxe":1,"minecraft:stone_axe":1,"minecraft:bread":93,"minecraft:oak_boat":1,"minecraft:shield":1,"minecraft:stick":8,"minecraft:iron_ingot":9,"minecraft:wooden_axe":1,"minecraft:stone_sword":1,"minecraft:torch":8},"minecraft:used":{"minecraft:stone_sword":51,"minecraft:ladder":1,"minecraft:shield":2,"minecraft:iron_sword":3,"minecraft:rotten_flesh":3,"minecraft:torch":12,"minecraft:dirt":8,"minecraft:mutton":2,"minecraft:wooden_axe":27,"minecraft:iron_axe":7,"minecraft:furnace":2,"minecraft:egg":1,"minecraft:potato":13,"minecraft:cobbled_deepslate":3,"minecraft:stone_pickaxe":101,"minecraft:oak_planks":8,"minecraft:leather_chestplate":1,"minecraft:wooden_pickaxe":12,"minecraft:crafting_table":4,"minecraft:white_bed":2,"minecraft:apple":1,"minecraft:chicken":4,"minecraft:bread":27,"minecraft:iron_pickaxe":4,"minecraft:leather_helmet":1,"minecraft:stone_axe":48,"minecraft:diamond_sword":4,"minecraft:cobblestone":13,"minecraft:porkchop":5,"minecraft:oak_boat":1},"minecraft:custom":{"minecraft:mob_kills":34,"minecraft:interact_with_crafting_table":16,"minecraft:leave_game":1,"minecraft:time_since_death":7306,"minecraft:climb_one_cm":584,"minecraft:sprint_one_cm":140810,"minecraft:walk_one_cm":228572,"minecraft:damage_blocked_by_shield":50,"minecraft:drop":39,"minecraft:play_time":71123,"minecraft:deaths":3,"minecraft:sneak_time":134,"minecraft:walk_under_water_one_cm":7348,"minecraft:boat_one_cm":19827,"minecraft:jump":1777,"minecraft:walk_on_water_one_cm":10197,"minecraft:total_world_time":71123,"minecraft:interact_with_furnace":10,"minecraft:sleep_in_bed":1,"minecraft:time_since_rest":1596,"minecraft:damage_taken":2590,"minecraft:damage_dealt":5326,"minecraft:swim_one_cm":9936,"minecraft:fly_one_cm":265750,"minecraft:player_kills":1,"minecraft:open_chest":7,"minecraft:crouch_one_cm":137,"minecraft:fall_one_cm":47872},"minecraft:broken":{"minecraft:leather_helmet":1},"minecraft:dropped":{"minecraft:bread":20,"minecraft:iron_sword":2,"minecraft:wheat_seeds":4,"minecraft:crafting_table":2,"minecraft:feather":8,"minecraft:book":12,"minecraft:apple":2,"minecraft:leather":2,"minecraft:coal":1,"minecraft:brewing_stand":1,"minecraft:torch":5,"minecraft:wooden_axe":1,"minecraft:iron_leggings":2,"minecraft:white_wool":2,"minecraft:bone":8,"minecraft:cobbled_deepslate":1,"minecraft:rotten_flesh":3,"minecraft:oak_planks":8,"minecraft:poppy":2,"minecraft:shield":1,"minecraft:ladder":2,"minecraft:oak_sapling":5,"minecraft:spider_eye":1,"minecraft:arrow":1,"minecraft:wooden_pickaxe":1,"minecraft:lectern":1,"minecraft:egg":2},"minecraft:killed_by":{"minecraft:zombie":3},"minecraft:killed":{"minecraft:spider":2,"minecraft:skeleton":4,"minecraft:chicken":11,"minecraft:pig":3,"minecraft:iron_golem":1,"minecraft:sheep":2,"minecraft:zombie":9,"minecraft:cow":1},"minecraft:picked_up":{"minecraft:wooden_axe":1,"minecraft:crafting_table":5,"minecraft:iron_chestplate":2,"minecraft:wheat":9,"minecraft:chicken":18,"minecraft:ladder":3,"minecraft:diamond_sword":1,"minecraft:wooden_pickaxe":2,"minecraft:brewing_stand":2,"minecraft:shield":5,"minecraft:string":2,"minecraft:iron_axe":1,"minecraft:iron_leggings":4,"minecraft:cobbled_deepslate":6,"minecraft:beef":2,"minecraft:poppy":2,"minecraft:iron_pickaxe":2,"minecraft:lectern":1,"minecraft:chest":2,"minecraft:egg":3,"minecraft:iron_boots":1,"minecraft:furnace":8,"minecraft:stick":9,"minecraft:raw_iron":189,"minecraft:oak_door":2,"minecraft:torch":15,"minecraft:porkchop":14,"minecraft:stone_sword":1,"minecraft:arrow":19,"minecraft:rotten_flesh":14,"minecraft:hay_block":31,"minecraft:mutton":8,"minecraft:cobblestone":68,"minecraft:white_wool":6,"minecraft:leather_chestplate":4,"minecraft:feather":16,"minecraft:leather":2,"minecraft:potato":19,"minecraft:oak_log":54,"minecraft:yellow_bed":1,"minecraft:dirt":26,"minecraft:bone":22,"minecraft:apple":1,"minecraft:wheat_seeds":22,"minecraft:raw_gold":1,"minecraft:stone_pickaxe":1,"minecraft:iron_ingot":43,"minecraft:oak_planks":29,"minecraft:iron_sword":2,"minecraft:book":24,"minecraft:white_bed":3,"minecraft:leather_helmet":3,"minecraft:spider_eye":1,"minecraft:mossy_cobblestone":6,"minecraft:stone_axe":5,"minecraft:iron_helmet":3,"minecraft:granite":12,"minecraft:bread":70,"minecraft:oak_sapling":10,"minecraft:coal":6},"minecraft:mined":{"minecraft:white_bed":2,"minecraft:mossy_cobblestone":3,"minecraft:brewing_stand":1,"minecraft:glow_lichen":1,"minecraft:granite":5,"minecraft:grass_block":7,"minecraft:hay_block":31,"minecraft:furnace":2,"minecraft:iron_ore":47,"minecraft:cobbled_deepslate":1,"minecraft:deepslate_iron_ore":5,"minecraft:stone":27,"minecraft:crafting_table":3,"minecraft:torch":7,"minecraft:short_grass":18,"minecraft:tall_grass":3,"minecraft:cobblestone":9,"minecraft:oak_planks":3,"minecraft:wall_torch":7,"minecraft:oak_log":24,"minecraft:coal_ore":2,"minecraft:dirt":4,"minecraft:oak_leaves":7,"minecraft:deepslate":5}},"DataVersion":3955}