{"stats":{"minecraft:crafted":{"minecraft:oak_planks":36,"minecraft:crafting_table":1,"minecraft:wooden_pickaxe":1,"minecraft:furnace":2,"minecraft:stone_axe":1,"minecraft:bread":93,"minecraft:oak_boat":1,"minecraft:shield":1,"minecraft:stick":8,"minecraft:stone_pickaxe":1,"minecraft:iron_ingot":9,"minecraft:wooden_axe":1,"minecraft:stone_sword":1,"minecraft:torch":4,"minecraft:wheat":279},"minecraft:used":{"minecraft:stone_sword":51,"minecraft:stone_pickaxe":101,"minecraft:oak_planks":8,"minecraft:ladder":1,"minecraft:wooden_pickaxe":12,"minecraft:shield":2,"minecraft:leather_chestplate":1,"minecraft:torch":6,"minecraft:dirt":8,"minecraft:mutton":2,"minecraft:crafting_table":3,"minecraft:white_bed":1,"minecraft:wooden_axe":27,"minecraft:apple":1,"minecraft:chicken":4,"minecraft:bread":27,"minecraft:leather_helmet":1,"minecraft:stone_axe":27,"minecraft:furnace":2,"minecraft:porkchop":2,"minecraft:oak_boat":1,"minecraft:potato":4},"minecraft:custom":{"minecraft:interact_with_furnace":10,"minecraft:mob_kills":26,"minecraft:interact_with_crafting_table":15,"minecraft:leave_game":1,"minecraft:time_since_death":622,"minecraft:climb_one_cm":584,"minecraft:time_since_rest":884,"minecraft:sprint_one_cm":129385,"minecraft:damage_taken":2001,"minecraft:walk_one_cm":188282,"minecraft:damage_blocked_by_shield":50,"minecraft:drop":28,"minecraft:damage_dealt":3427,"minecraft:swim_one_cm":9936,"minecraft:fly_one_cm":235438,"minecraft:open_chest":1,"minecraft:crouch_one_cm":54,"minecraft:play_time":59123,"minecraft:deaths":2,"minecraft:sneak_time":117,"minecraft:walk_under_water_one_cm":7218,"minecraft:boat_one_cm":19827,"minecraft:jump":1518,"minecraft:walk_on_water_one_cm":9385,"minecraft:total_world_time":59123,"minecraft:fall_one_cm":43029},"minecraft:broken":{"minecraft:leather_helmet":1},"minecraft:dropped":{"minecraft:bread":20,"minecraft:wheat_seeds":4,"minecraft:crafting_table":1,"minecraft:feather":8,"minecraft:rotten_flesh":3,"minecraft:oak_planks":8,"minecraft:leather":2,"minecraft:apple":2,"minecraft:coal":1,"minecraft:poppy":2,"minecraft:brewing_stand":1,"minecraft:torch":5,"minecraft:wooden_axe":1,"minecraft:ladder":2,"minecraft:spider_eye":1,"minecraft:arrow":1,"minecraft:wooden_pickaxe":1,"minecraft:egg":2,"minecraft:bone":8},"minecraft:killed_by":{"minecraft:zombie":2},"minecraft:killed":{"minecraft:pig":3,"minecraft:spider":1,"minecraft:iron_golem":1,"minecraft:sheep":2,"minecraft:skeleton":2,"minecraft:zombie":5,"minecraft:chicken":11,"minecraft:cow":1},"minecraft:picked_up":{"minecraft:wooden_axe":1,"minecraft:crafting_table":3,"minecraft:leather_chestplate":2,"minecraft:feather":16,"minecraft:chicken":18,"minecraft:ladder":3,"minecraft:leather":2,"minecraft:wooden_pickaxe":1,"minecraft:potato":6,"minecraft:oak_log":34,"minecraft:brewing_stand":2,"minecraft:shield":2,"minecraft:dirt":26,"minecraft:bone":18,"minecraft:apple":1,"minecraft:wheat_seeds":22,"minecraft:cobbled_deepslate":2,"minecraft:raw_gold":1,"minecraft:iron_ingot":14,"minecraft:beef":2,"minecraft:stone_pickaxe":1,"minecraft:poppy":2,"minecraft:iron_pickaxe":1,"minecraft:chest":2,"minecraft:oak_planks":16,"minecraft:furnace":4,"minecraft:egg":2,"minecraft:raw_iron":90,"minecraft:stick":2,"minecraft:torch":8,"minecraft:porkchop":8,"minecraft:white_bed":1,"minecraft:spider_eye":1,"minecraft:mossy_cobblestone":6,"minecraft:leather_helmet":2,"minecraft:stone_sword":1,"minecraft:arrow":6,"minecraft:rotten_flesh":9,"minecraft:stone_axe":1,"minecraft:hay_block":31,"minecraft:iron_helmet":1,"minecraft:granite":8,"minecraft:bread":70,"minecraft:oak_sapling":5,"minecraft:mutton":6,"minecraft:coal":4,"minecraft:white_wool":4,"minecraft:cobblestone":42},"minecraft:mined":{"minecraft:white_bed":1,"minecraft:mossy_cobblestone":3,"minecraft:brewing_stand":1,"minecraft:crafting_table":2,"minecraft:torch":2,"minecraft:glow_lichen":1,"minecraft:granite":5,"minecraft:short_grass":18,"minecraft:grass_block":7,"minecraft:tall_grass":3,"minecraft:cobblestone":9,"minecraft:oak_planks":3,"minecraft:wall_torch":5,"minecraft:hay_block":31,"minecraft:furnace":2,"minecraft:iron_ore":47,"minecraft:coal_ore":2,"minecraft:oak_log":24,"minecraft:deepslate_iron_ore":5,"minecraft:dirt":4,"minecraft:stone":27,"minecraft:oak_leaves":7,"minecraft:deepslate":5}},"DataVersion":3955}