{"stats":{"minecraft:crafted":{"minecraft:oak_planks":36,"minecraft:crafting_table":1,"minecraft:wooden_pickaxe":1,"minecraft:stone_axe":1,"minecraft:bread":15,"minecraft:oak_boat":1,"minecraft:shield":1,"minecraft:stick":8,"minecraft:stone_pickaxe":1,"minecraft:wooden_axe":1,"minecraft:stone_sword":1,"minecraft:wheat":45},"minecraft:used":{"minecraft:stone_sword":15,"minecraft:stone_pickaxe":13,"minecraft:wooden_pickaxe":12,"minecraft:shield":2,"minecraft:dirt":4,"minecraft:mutton":2,"minecraft:crafting_table":2,"minecraft:wooden_axe":27,"minecraft:apple":1,"minecraft:chicken":4,"minecraft:bread":6,"minecraft:stone_axe":27,"minecraft:porkchop":2,"minecraft:oak_boat":1,"minecraft:potato":4},"minecraft:custom":{"minecraft:mob_kills":20,"minecraft:interact_with_crafting_table":7,"minecraft:time_since_death":23160,"minecraft:climb_one_cm":584,"minecraft:time_since_rest":23160,"minecraft:sprint_one_cm":56908,"minecraft:damage_taken":444,"minecraft:walk_one_cm":69219,"minecraft:damage_blocked_by_shield":50,"minecraft:drop":8,"minecraft:damage_dealt":1698,"minecraft:swim_one_cm":5215,"minecraft:fly_one_cm":112969,"minecraft:open_chest":1,"minecraft:crouch_one_cm":29,"minecraft:play_time":23160,"minecraft:sneak_time":3,"minecraft:walk_under_water_one_cm":742,"minecraft:boat_one_cm":19827,"minecraft:jump":588,"minecraft:walk_on_water_one_cm":2091,"minecraft:total_world_time":23160,"minecraft:fall_one_cm":14120},"minecraft:dropped":{"minecraft:bread":6,"minecraft:crafting_table":1,"minecraft:oak_planks":8},"minecraft:killed":{"minecraft:pig":3,"minecraft:spider":1,"minecraft:sheep":2,"minecraft:skeleton":1,"minecraft:zombie":1,"minecraft:chicken":11,"minecraft:cow":1},"minecraft:picked_up":{"minecraft:crafting_table":3,"minecraft:leather_chestplate":1,"minecraft:feather":8,"minecraft:chicken":11,"minecraft:ladder":1,"minecraft:leather":2,"minecraft:oak_log":24,"minecraft:brewing_stand":1,"minecraft:dirt":25,"minecraft:bone":3,"minecraft:apple":1,"minecraft:wheat_seeds":4,"minecraft:iron_ingot":1,"minecraft:beef":1,"minecraft:oak_planks":8,"minecraft:egg":2,"minecraft:stick":2,"minecraft:porkchop":5,"minecraft:white_bed":1,"minecraft:leather_helmet":1,"minecraft:spider_eye":1,"minecraft:mossy_cobblestone":3,"minecraft:arrow":1,"minecraft:rotten_flesh":3,"minecraft:hay_block":16,"minecraft:mutton":4,"minecraft:cobblestone":19,"minecraft:white_wool":2},"minecraft:mined":{"minecraft:white_bed":1,"minecraft:mossy_cobblestone":3,"minecraft:brewing_stand":1,"minecraft:crafting_table":2,"minecraft:short_grass":16,"minecraft:grass_block":6,"minecraft:tall_grass":3,"minecraft:cobblestone":9,"minecraft:hay_block":16,"minecraft:oak_log":24,"minecraft:dirt":3,"minecraft:stone":11,"minecraft:oak_leaves":7}},"DataVersion":3955}