{"stats":{"minecraft:crafted":{"minecraft:oak_planks":36,"minecraft:furnace":2,"minecraft:stone_pickaxe":1,"minecraft:wheat":279,"minecraft:crafting_table":1,"minecraft:wooden_pickaxe":1,"minecraft:stone_axe":1,"minecraft:bread":96,"minecraft:oak_boat":1,"minecraft:shield":1,"minecraft:stick":8,"minecraft:iron_ingot":9,"minecraft:wooden_axe":1,"minecraft:stone_sword":1,"minecraft:torch":8},"minecraft:used":{"minecraft:stone_sword":51,"minecraft:ladder":1,"minecraft:shield":2,"minecraft:iron_sword":3,"minecraft:rotten_flesh":5,"minecraft:torch":16,"minecraft:dirt":8,"minecraft:mutton":2,"minecraft:wooden_axe":27,"minecraft:iron_axe":7,"minecraft:furnace":2,"minecraft:egg":1,"minecraft:potato":13,"minecraft:cobbled_deepslate":3,"minecraft:stone_pickaxe":101,"minecraft:oak_planks":8,"minecraft:leather_chestplate":1,"minecraft:wooden_pickaxe":12,"minecraft:crafting_table":4,"minecraft:white_bed":3,"minecraft:apple":1,"minecraft:chicken":4,"minecraft:bread":32,"minecraft:iron_pickaxe":18,"minecraft:leather_helmet":1,"minecraft:stone_axe":48,"minecraft:diamond_sword":20,"minecraft:cobblestone":13,"minecraft:porkchop":5,"minecraft:oak_boat":1},"minecraft:custom":{"minecraft:mob_kills":38,"minecraft:interact_with_crafting_table":17,"minecraft:leave_game":2,"minecraft:time_since_death":16279,"minecraft:climb_one_cm":584,"minecraft:sprint_one_cm":153550,"minecraft:walk_one_cm":263821,"minecraft:damage_blocked_by_shield":50,"minecraft:drop":53,"minecraft:play_time":80096,"minecraft:deaths":3,"minecraft:sneak_time":134,"minecraft:walk_under_water_one_cm":7348,"minecraft:boat_one_cm":19827,"minecraft:jump":1964,"minecraft:walk_on_water_one_cm":11642,"minecraft:total_world_time":80096,"minecraft:interact_with_furnace":10,"minecraft:sleep_in_bed":1,"minecraft:time_since_rest":10569,"minecraft:damage_taken":2914,"minecraft:damage_dealt":6356,"minecraft:swim_one_cm":9936,"minecraft:fly_one_cm":290607,"minecraft:player_kills":1,"minecraft:open_chest":7,"minecraft:crouch_one_cm":137,"minecraft:fall_one_cm":52113},"minecraft:broken":{"minecraft:leather_helmet":1},"minecraft:dropped":{"minecraft:bread":20,"minecraft:iron_sword":3,"minecraft:wheat_seeds":4,"minecraft:crafting_table":2,"minecraft:feather":8,"minecraft:cobblestone":1,"minecraft:book":12,"minecraft:apple":2,"minecraft:leather":2,"minecraft:coal":1,"minecraft:brewing_stand":1,"minecraft:torch":5,"minecraft:wooden_axe":1,"minecraft:iron_leggings":2,"minecraft:wooden_sword":1,"minecraft:iron_pickaxe":1,"minecraft:string":2,"minecraft:white_wool":2,"minecraft:bone":8,"minecraft:oak_door":2,"minecraft:stone_axe":2,"minecraft:cobbled_deepslate":2,"minecraft:rotten_flesh":3,"minecraft:oak_planks":8,"minecraft:poppy":2,"minecraft:shield":2,"minecraft:yellow_bed":1,"minecraft:ladder":2,"minecraft:oak_sapling":10,"minecraft:spider_eye":1,"minecraft:arrow":1,"minecraft:wooden_pickaxe":2,"minecraft:lectern":1,"minecraft:egg":2},"minecraft:killed_by":{"minecraft:zombie":3},"minecraft:killed":{"minecraft:spider":2,"minecraft:skeleton":5,"minecraft:chicken":11,"minecraft:pig":3,"minecraft:iron_golem":1,"minecraft:creeper":2,"minecraft:sheep":2,"minecraft:zombie":10,"minecraft:cow":1},"minecraft:picked_up":{"minecraft:wooden_axe":1,"minecraft:crafting_table":5,"minecraft:iron_chestplate":2,"minecraft:wheat":9,"minecraft:chicken":18,"minecraft:ladder":3,"minecraft:diamond_sword":1,"minecraft:wooden_pickaxe":3,"minecraft:brewing_stand":3,"minecraft:shield":6,"minecraft:string":2,"minecraft:iron_axe":2,"minecraft:wooden_sword":1,"minecraft:iron_leggings":4,"minecraft:cobbled_deepslate":7,"minecraft:beef":9,"minecraft:poppy":2,"minecraft:iron_pickaxe":3,"minecraft:lectern":1,"minecraft:chest":2,"minecraft:egg":3,"minecraft:iron_boots":1,"minecraft:furnace":8,"minecraft:stick":35,"minecraft:raw_iron":189,"minecraft:oak_door":3,"minecraft:torch":19,"minecraft:porkchop":14,"minecraft:stone_sword":1,"minecraft:arrow":20,"minecraft:rotten_flesh":14,"minecraft:hay_block":31,"minecraft:mutton":8,"minecraft:cobblestone":70,"minecraft:white_wool":6,"minecraft:leather_chestplate":4,"minecraft:feather":16,"minecraft:leather":2,"minecraft:potato":20,"minecraft:filled_map":1,"minecraft:oak_log":54,"minecraft:yellow_bed":1,"minecraft:dirt":26,"minecraft:bone":23,"minecraft:apple":9,"minecraft:wheat_seeds":22,"minecraft:raw_gold":11,"minecraft:stone_pickaxe":1,"minecraft:iron_ingot":43,"minecraft:oak_planks":29,"minecraft:iron_sword":3,"minecraft:book":24,"minecraft:white_bed":4,"minecraft:leather_helmet":3,"minecraft:spider_eye":1,"minecraft:mossy_cobblestone":6,"minecraft:diamond":1,"minecraft:stone_axe":6,"minecraft:iron_helmet":3,"minecraft:granite":12,"minecraft:bread":78,"minecraft:oak_sapling":15,"minecraft:coal":6},"minecraft:mined":{"minecraft:white_bed":2,"minecraft:mossy_cobblestone":3,"minecraft:brewing_stand":1,"minecraft:glow_lichen":1,"minecraft:granite":5,"minecraft:grass_block":7,"minecraft:hay_block":31,"minecraft:furnace":2,"minecraft:iron_ore":47,"minecraft:cobbled_deepslate":1,"minecraft:deepslate_iron_ore":5,"minecraft:stone":27,"minecraft:crafting_table":3,"minecraft:torch":10,"minecraft:short_grass":18,"minecraft:tall_grass":3,"minecraft:cobblestone":10,"minecraft:deepslate_gold_ore":10,"minecraft:oak_planks":3,"minecraft:wall_torch":9,"minecraft:oak_log":24,"minecraft:coal_ore":2,"minecraft:dirt":4,"minecraft:oak_leaves":7,"minecraft:deepslate":6}},"DataVersion":3955}