{"stats":{"minecraft:crafted":{"minecraft:oak_planks":36,"minecraft:crafting_table":1,"minecraft:wooden_pickaxe":1,"minecraft:furnace":2,"minecraft:stone_axe":1,"minecraft:bread":93,"minecraft:oak_boat":1,"minecraft:shield":1,"minecraft:stick":8,"minecraft:iron_ingot":9,"minecraft:stone_pickaxe":1,"minecraft:wooden_axe":1,"minecraft:stone_sword":1,"minecraft:torch":4,"minecraft:wheat":279},"minecraft:used":{"minecraft:stone_sword":25,"minecraft:stone_pickaxe":90,"minecraft:ladder":1,"minecraft:oak_planks":8,"minecraft:wooden_pickaxe":12,"minecraft:shield":2,"minecraft:torch":3,"minecraft:dirt":8,"minecraft:mutton":2,"minecraft:crafting_table":2,"minecraft:wooden_axe":27,"minecraft:apple":1,"minecraft:chicken":4,"minecraft:bread":14,"minecraft:stone_axe":27,"minecraft:furnace":2,"minecraft:porkchop":2,"minecraft:oak_boat":1,"minecraft:potato":4},"minecraft:custom":{"minecraft:interact_with_furnace":10,"minecraft:mob_kills":22,"minecraft:interact_with_crafting_table":14,"minecraft:time_since_death":47160,"minecraft:climb_one_cm":584,"minecraft:time_since_rest":47160,"minecraft:sprint_one_cm":94426,"minecraft:damage_taken":869,"minecraft:walk_one_cm":146243,"minecraft:damage_blocked_by_shield":50,"minecraft:drop":22,"minecraft:damage_dealt":2220,"minecraft:swim_one_cm":9936,"minecraft:fly_one_cm":160963,"minecraft:open_chest":1,"minecraft:crouch_one_cm":54,"minecraft:play_time":47160,"minecraft:sneak_time":117,"minecraft:walk_under_water_one_cm":6921,"minecraft:boat_one_cm":19827,"minecraft:jump":1143,"minecraft:walk_on_water_one_cm":7648,"minecraft:total_world_time":47160,"minecraft:fall_one_cm":29514},"minecraft:dropped":{"minecraft:bread":6,"minecraft:wheat_seeds":4,"minecraft:crafting_table":1,"minecraft:feather":8,"minecraft:rotten_flesh":3,"minecraft:oak_planks":8,"minecraft:leather":2,"minecraft:poppy":2,"minecraft:brewing_stand":1,"minecraft:torch":5,"minecraft:ladder":2,"minecraft:spider_eye":1,"minecraft:arrow":1,"minecraft:bone":3,"minecraft:egg":2},"minecraft:killed":{"minecraft:pig":3,"minecraft:spider":1,"minecraft:iron_golem":1,"minecraft:sheep":2,"minecraft:skeleton":2,"minecraft:zombie":1,"minecraft:chicken":11,"minecraft:cow":1},"minecraft:picked_up":{"minecraft:crafting_table":3,"minecraft:leather_chestplate":1,"minecraft:feather":8,"minecraft:chicken":11,"minecraft:ladder":3,"minecraft:leather":2,"minecraft:oak_log":24,"minecraft:brewing_stand":1,"minecraft:dirt":26,"minecraft:bone":3,"minecraft:apple":1,"minecraft:wheat_seeds":4,"minecraft:iron_ingot":3,"minecraft:beef":1,"minecraft:poppy":2,"minecraft:oak_planks":11,"minecraft:furnace":2,"minecraft:egg":2,"minecraft:raw_iron":47,"minecraft:stick":2,"minecraft:torch":5,"minecraft:porkchop":5,"minecraft:white_bed":1,"minecraft:leather_helmet":1,"minecraft:spider_eye":1,"minecraft:mossy_cobblestone":3,"minecraft:arrow":1,"minecraft:rotten_flesh":3,"minecraft:hay_block":31,"minecraft:granite":4,"minecraft:mutton":4,"minecraft:coal":2,"minecraft:cobblestone":33,"minecraft:white_wool":2},"minecraft:mined":{"minecraft:white_bed":1,"minecraft:mossy_cobblestone":3,"minecraft:brewing_stand":1,"minecraft:crafting_table":2,"minecraft:torch":1,"minecraft:glow_lichen":1,"minecraft:granite":5,"minecraft:short_grass":18,"minecraft:grass_block":7,"minecraft:tall_grass":3,"minecraft:cobblestone":9,"minecraft:oak_planks":3,"minecraft:wall_torch":3,"minecraft:hay_block":31,"minecraft:furnace":2,"minecraft:iron_ore":47,"minecraft:coal_ore":2,"minecraft:oak_log":24,"minecraft:dirt":4,"minecraft:stone":27,"minecraft:deepslate":1,"minecraft:oak_leaves":7}},"DataVersion":3955}