{"stats":{"minecraft:crafted":{"minecraft:wooden_sword":1,"minecraft:oak_planks":16,"minecraft:wooden_pickaxe":1,"minecraft:stone_axe":2,"minecraft:bread":21,"minecraft:shield":1,"minecraft:stick":8,"minecraft:stone_pickaxe":2,"minecraft:stone_sword":2,"minecraft:wheat":72},"minecraft:used":{"minecraft:stone_sword":14,"minecraft:stone_pickaxe":26,"minecraft:oak_planks":1,"minecraft:wooden_pickaxe":8,"minecraft:crafting_table":4,"minecraft:oak_log":5,"minecraft:bread":20,"minecraft:stone_axe":94,"minecraft:wooden_sword":19,"minecraft:cobblestone":6,"minecraft:beef":2,"minecraft:hay_block":4,"minecraft:oak_sapling":2,"minecraft:yellow_bed":2,"minecraft:potato":2},"minecraft:custom":{"minecraft:interact_with_furnace":1,"minecraft:mob_kills":11,"minecraft:interact_with_crafting_table":12,"minecraft:leave_game":1,"minecraft:time_since_death":33439,"minecraft:time_since_rest":34202,"minecraft:sprint_one_cm":152427,"minecraft:damage_taken":1261,"minecraft:walk_one_cm":97805,"minecraft:drop":3,"minecraft:damage_dealt":3102,"minecraft:swim_one_cm":27287,"minecraft:talked_to_villager":1,"minecraft:fly_one_cm":169063,"minecraft:player_kills":3,"minecraft:open_chest":4,"minecraft:crouch_one_cm":9,"minecraft:play_time":41350,"minecraft:deaths":1,"minecraft:sneak_time":62,"minecraft:walk_under_water_one_cm":6643,"minecraft:boat_one_cm":19144,"minecraft:jump":860,"minecraft:walk_on_water_one_cm":9170,"minecraft:total_world_time":41350,"minecraft:fall_one_cm":29803},"minecraft:dropped":{"minecraft:iron_ingot":2,"minecraft:leather_helmet":1,"minecraft:leather_chestplate":1},"minecraft:killed":{"minecraft:iron_golem":1,"minecraft:skeleton":1,"minecraft:zombie":1,"minecraft:chicken":4,"minecraft:cow":4},"minecraft:killed_by":{"minecraft:player":1},"minecraft:picked_up":{"minecraft:crafting_table":5,"minecraft:feather":3,"minecraft:chicken":4,"minecraft:leather":3,"minecraft:wooden_pickaxe":1,"minecraft:potato":20,"minecraft:oak_log":10,"minecraft:yellow_bed":2,"minecraft:map":2,"minecraft:bone":2,"minecraft:apple":6,"minecraft:wheat_seeds":14,"minecraft:iron_ingot":5,"minecraft:beef":9,"minecraft:poppy":2,"minecraft:chest":2,"minecraft:egg":1,"minecraft:stick":9,"minecraft:raw_iron":9,"minecraft:diorite":2,"minecraft:carrot":2,"minecraft:spider_eye":1,"minecraft:arrow":1,"minecraft:rotten_flesh":2,"minecraft:hay_block":12,"minecraft:bread":6,"minecraft:oak_sapling":7,"minecraft:cobblestone":26},"minecraft:mined":{"minecraft:crafting_table":5,"minecraft:short_grass":27,"minecraft:chest":2,"minecraft:tall_grass":5,"minecraft:cobblestone":13,"minecraft:diorite":2,"minecraft:hay_block":14,"minecraft:carrots":4,"minecraft:iron_ore":9,"minecraft:wheat":8,"minecraft:yellow_bed":2,"minecraft:bee_nest":1,"minecraft:potatoes":2,"minecraft:oak_log":10,"minecraft:dirt":1,"minecraft:stone":8,"minecraft:oak_leaves":9}},"DataVersion":3955}