{"stats":{"minecraft:crafted":{"minecraft:wooden_sword":1,"minecraft:oak_planks":16,"minecraft:wooden_pickaxe":1,"minecraft:iron_sword":1,"minecraft:furnace":1,"minecraft:stone_axe":2,"minecraft:bread":21,"minecraft:shield":1,"minecraft:iron_axe":1,"minecraft:stick":8,"minecraft:iron_ingot":9,"minecraft:stone_pickaxe":2,"minecraft:iron_pickaxe":1,"minecraft:stone_sword":2,"minecraft:wheat":72},"minecraft:used":{"minecraft:diorite":2,"minecraft:stone_sword":24,"minecraft:stone_pickaxe":37,"minecraft:oak_planks":1,"minecraft:chest":2,"minecraft:wooden_pickaxe":8,"minecraft:shield":12,"minecraft:iron_sword":7,"minecraft:torch":1,"minecraft:mutton":6,"minecraft:crafting_table":4,"minecraft:carrot":3,"minecraft:granite":3,"minecraft:oak_log":5,"minecraft:wooden_axe":2,"minecraft:iron_axe":14,"minecraft:bread":28,"minecraft:iron_pickaxe":18,"minecraft:stone_axe":95,"minecraft:wooden_sword":21,"minecraft:cobblestone":8,"minecraft:beef":3,"minecraft:hay_block":4,"minecraft:oak_sapling":2,"minecraft:furnace":1,"minecraft:yellow_bed":2,"minecraft:cobbled_deepslate":2,"minecraft:potato":15},"minecraft:custom":{"minecraft:interact_with_furnace":15,"minecraft:mob_kills":14,"minecraft:interact_with_crafting_table":17,"minecraft:leave_game":3,"minecraft:time_since_death":1146,"minecraft:sleep_in_bed":1,"minecraft:time_since_rest":1356,"minecraft:sprint_one_cm":266685,"minecraft:damage_taken":3419,"minecraft:walk_one_cm":189102,"minecraft:damage_blocked_by_shield":155,"minecraft:drop":29,"minecraft:damage_dealt":4295,"minecraft:player_kills":5,"minecraft:swim_one_cm":27287,"minecraft:fly_one_cm":262095,"minecraft:talked_to_villager":1,"minecraft:open_chest":10,"minecraft:crouch_one_cm":261,"minecraft:play_time":77104,"minecraft:deaths":6,"minecraft:sneak_time":229,"minecraft:walk_under_water_one_cm":7431,"minecraft:boat_one_cm":19144,"minecraft:jump":1498,"minecraft:walk_on_water_one_cm":15872,"minecraft:total_world_time":77104,"minecraft:fall_one_cm":51051},"minecraft:dropped":{"minecraft:water_bucket":1,"minecraft:iron_ingot":12,"minecraft:bread":20,"minecraft:stone_axe":1,"minecraft:porkchop":3,"minecraft:oak_log":10,"minecraft:stone_sword":3,"minecraft:diamond":1,"minecraft:raw_iron":43,"minecraft:chicken":11,"minecraft:iron_helmet":1,"minecraft:cobblestone":13,"minecraft:book":12,"minecraft:apple":8,"minecraft:leather_helmet":1,"minecraft:leather_chestplate":1,"minecraft:potato":11,"minecraft:shield":3,"minecraft:iron_leggings":1,"minecraft:stone_pickaxe":1,"minecraft:raw_gold":3},"minecraft:killed":{"minecraft:iron_golem":1,"minecraft:skeleton":2,"minecraft:zombie":3,"minecraft:chicken":4,"minecraft:cow":4},"minecraft:killed_by":{"minecraft:player":3,"minecraft:skeleton":1,"minecraft:zombie":1,"minecraft:enderman":1},"minecraft:picked_up":{"minecraft:wooden_axe":3,"minecraft:stripped_oak_log":11,"minecraft:crafting_table":7,"minecraft:leather_chestplate":2,"minecraft:feather":15,"minecraft:chicken":37,"minecraft:glow_ink_sac":3,"minecraft:water_bucket":1,"minecraft:leather":25,"minecraft:wooden_pickaxe":6,"minecraft:potato":46,"minecraft:oak_log":20,"minecraft:brewing_stand":1,"minecraft:yellow_bed":2,"minecraft:shield":7,"minecraft:map":4,"minecraft:dirt":18,"minecraft:iron_axe":3,"minecraft:wooden_sword":4,"minecraft:iron_leggings":2,"minecraft:bone":32,"minecraft:apple":40,"minecraft:wheat_seeds":14,"minecraft:cobbled_deepslate":13,"minecraft:raw_gold":6,"minecraft:iron_ingot":31,"minecraft:beef":17,"minecraft:stone_pickaxe":3,"minecraft:poppy":2,"minecraft:iron_pickaxe":3,"minecraft:lectern":1,"minecraft:chest":10,"minecraft:iron_sword":4,"minecraft:oak_planks":7,"minecraft:furnace":6,"minecraft:egg":2,"minecraft:book":12,"minecraft:raw_iron":55,"minecraft:stick":46,"minecraft:torch":1,"minecraft:porkchop":3,"minecraft:white_bed":2,"minecraft:diorite":2,"minecraft:carrot":6,"minecraft:spider_eye":4,"minecraft:mossy_cobblestone":9,"minecraft:stone_sword":11,"minecraft:arrow":13,"minecraft:rotten_flesh":25,"minecraft:diamond":2,"minecraft:stone_axe":7,"minecraft:hay_block":12,"minecraft:iron_helmet":1,"minecraft:granite":3,"minecraft:bread":48,"minecraft:oak_sapling":17,"minecraft:mutton":4,"minecraft:coal":8,"minecraft:white_wool":1,"minecraft:cobblestone":47},"minecraft:mined":{"minecraft:white_bed":1,"minecraft:crafting_table":7,"minecraft:short_grass":27,"minecraft:granite":3,"minecraft:chest":3,"minecraft:tall_grass":5,"minecraft:cobblestone":18,"minecraft:oak_planks":3,"minecraft:diorite":2,"minecraft:hay_block":14,"minecraft:furnace":1,"minecraft:carrots":4,"minecraft:iron_ore":9,"minecraft:cobbled_deepslate":5,"minecraft:wheat":8,"minecraft:bee_nest":1,"minecraft:yellow_bed":2,"minecraft:potatoes":2,"minecraft:oak_log":10,"minecraft:deepslate_iron_ore":3,"minecraft:dirt":1,"minecraft:stone":14,"minecraft:gold_ore":1,"minecraft:oak_leaves":9,"minecraft:deepslate":4}},"DataVersion":3955}