{"stats":{"minecraft:crafted":{"minecraft:wooden_sword":1,"minecraft:oak_planks":16,"minecraft:shield":1,"minecraft:stick":8,"minecraft:wooden_pickaxe":1,"minecraft:stone_pickaxe":2,"minecraft:stone_sword":2,"minecraft:stone_axe":2,"minecraft:bread":21,"minecraft:wheat":63},"minecraft:used":{"minecraft:oak_log":5,"minecraft:stone_sword":8,"minecraft:bread":11,"minecraft:wooden_pickaxe":8,"minecraft:stone_axe":81,"minecraft:wooden_sword":19,"minecraft:beef":2,"minecraft:crafting_table":3,"minecraft:oak_sapling":2,"minecraft:potato":2},"minecraft:custom":{"minecraft:time_since_rest":20307,"minecraft:sprint_one_cm":106492,"minecraft:damage_taken":854,"minecraft:walk_one_cm":62820,"minecraft:mob_kills":11,"minecraft:drop":2,"minecraft:damage_dealt":2159,"minecraft:swim_one_cm":20386,"minecraft:interact_with_crafting_table":10,"minecraft:fly_one_cm":130858,"minecraft:player_kills":2,"minecraft:open_chest":4,"minecraft:play_time":27455,"minecraft:deaths":1,"minecraft:walk_under_water_one_cm":1762,"minecraft:boat_one_cm":19144,"minecraft:jump":560,"minecraft:time_since_death":19544,"minecraft:walk_on_water_one_cm":3756,"minecraft:total_world_time":27455,"minecraft:fall_one_cm":19973},"minecraft:dropped":{"minecraft:leather_chestplate":1,"minecraft:leather_helmet":1},"minecraft:killed_by":{"minecraft:player":1},"minecraft:killed":{"minecraft:skeleton":1,"minecraft:zombie":1,"minecraft:chicken":4,"minecraft:iron_golem":1,"minecraft:cow":4},"minecraft:picked_up":{"minecraft:stick":7,"minecraft:crafting_table":5,"minecraft:feather":3,"minecraft:chicken":4,"minecraft:leather":3,"minecraft:wooden_pickaxe":1,"minecraft:potato":2,"minecraft:oak_log":10,"minecraft:yellow_bed":1,"minecraft:carrot":2,"minecraft:arrow":1,"minecraft:bone":2,"minecraft:rotten_flesh":2,"minecraft:apple":1,"minecraft:wheat_seeds":14,"minecraft:hay_block":12,"minecraft:beef":9,"minecraft:iron_ingot":1,"minecraft:oak_sapling":6,"minecraft:cobblestone":18,"minecraft:egg":1},"minecraft:mined":{"minecraft:hay_block":14,"minecraft:carrots":4,"minecraft:wheat":8,"minecraft:bee_nest":1,"minecraft:yellow_bed":1,"minecraft:crafting_table":5,"minecraft:short_grass":26,"minecraft:potatoes":2,"minecraft:oak_log":10,"minecraft:tall_grass":5,"minecraft:cobblestone":8,"minecraft:oak_leaves":9}},"DataVersion":3955}