{"stats":{"minecraft:crafted":{"minecraft:wooden_sword":1,"minecraft:stone_sword":1,"minecraft:oak_planks":4,"minecraft:stone_axe":1,"minecraft:stone_pickaxe":1},"minecraft:used":{"minecraft:oak_log":5,"minecraft:stone_axe":13,"minecraft:wooden_sword":17,"minecraft:beef":2,"minecraft:crafting_table":1,"minecraft:oak_sapling":2},"minecraft:custom":{"minecraft:time_since_rest":8307,"minecraft:deaths":1,"minecraft:play_time":15455,"minecraft:sprint_one_cm":49441,"minecraft:damage_taken":355,"minecraft:walk_one_cm":32174,"minecraft:walk_under_water_one_cm":689,"minecraft:mob_kills":2,"minecraft:jump":300,"minecraft:damage_dealt":1105,"minecraft:walk_on_water_one_cm":1270,"minecraft:time_since_death":7544,"minecraft:total_world_time":15455,"minecraft:open_chest":1,"minecraft:swim_one_cm":16941,"minecraft:fall_one_cm":12687,"minecraft:interact_with_crafting_table":2,"minecraft:fly_one_cm":63696,"minecraft:player_kills":2},"minecraft:killed":{"minecraft:iron_golem":1,"minecraft:cow":1},"minecraft:killed_by":{"minecraft:player":1},"minecraft:picked_up":{"minecraft:stick":7,"minecraft:crafting_table":3,"minecraft:apple":1,"minecraft:wooden_pickaxe":1,"minecraft:hay_block":7,"minecraft:beef":2,"minecraft:oak_log":10,"minecraft:oak_sapling":6,"minecraft:cobblestone":10},"minecraft:mined":{"minecraft:short_grass":7,"minecraft:oak_log":10,"minecraft:oak_leaves":2,"minecraft:crafting_table":3,"minecraft:hay_block":7}},"DataVersion":3955}