{"stats":{"minecraft:crafted":{"minecraft:wooden_sword":1,"minecraft:oak_planks":16,"minecraft:wooden_pickaxe":1,"minecraft:iron_sword":1,"minecraft:furnace":1,"minecraft:stone_axe":2,"minecraft:bread":21,"minecraft:shield":1,"minecraft:iron_axe":1,"minecraft:stick":8,"minecraft:iron_pickaxe":1,"minecraft:iron_ingot":9,"minecraft:stone_pickaxe":2,"minecraft:stone_sword":2,"minecraft:wheat":72},"minecraft:used":{"minecraft:diorite":2,"minecraft:stone_sword":14,"minecraft:stone_pickaxe":37,"minecraft:oak_planks":1,"minecraft:wooden_pickaxe":8,"minecraft:iron_sword":4,"minecraft:crafting_table":4,"minecraft:carrot":3,"minecraft:granite":3,"minecraft:oak_log":5,"minecraft:iron_axe":11,"minecraft:bread":27,"minecraft:iron_pickaxe":6,"minecraft:stone_axe":94,"minecraft:wooden_sword":19,"minecraft:cobblestone":6,"minecraft:beef":2,"minecraft:hay_block":4,"minecraft:furnace":1,"minecraft:oak_sapling":2,"minecraft:yellow_bed":2,"minecraft:cobbled_deepslate":2,"minecraft:potato":2},"minecraft:custom":{"minecraft:interact_with_furnace":15,"minecraft:mob_kills":14,"minecraft:interact_with_crafting_table":17,"minecraft:leave_game":1,"minecraft:time_since_death":1961,"minecraft:time_since_rest":1996,"minecraft:sprint_one_cm":224967,"minecraft:damage_taken":2026,"minecraft:walk_one_cm":149890,"minecraft:drop":5,"minecraft:damage_dealt":3900,"minecraft:swim_one_cm":27287,"minecraft:talked_to_villager":1,"minecraft:fly_one_cm":224267,"minecraft:player_kills":4,"minecraft:open_chest":4,"minecraft:crouch_one_cm":54,"minecraft:play_time":60449,"minecraft:deaths":2,"minecraft:sneak_time":127,"minecraft:walk_under_water_one_cm":7431,"minecraft:boat_one_cm":19144,"minecraft:jump":1262,"minecraft:walk_on_water_one_cm":14750,"minecraft:total_world_time":60449,"minecraft:fall_one_cm":43743},"minecraft:dropped":{"minecraft:iron_ingot":2,"minecraft:bread":3,"minecraft:leather_helmet":1,"minecraft:leather_chestplate":1,"minecraft:iron_leggings":1},"minecraft:killed":{"minecraft:iron_golem":1,"minecraft:skeleton":2,"minecraft:zombie":3,"minecraft:chicken":4,"minecraft:cow":4},"minecraft:killed_by":{"minecraft:player":2},"minecraft:picked_up":{"minecraft:wooden_axe":1,"minecraft:crafting_table":5,"minecraft:feather":6,"minecraft:chicken":4,"minecraft:leather":10,"minecraft:wooden_pickaxe":2,"minecraft:potato":44,"minecraft:oak_log":20,"minecraft:shield":2,"minecraft:yellow_bed":2,"minecraft:map":4,"minecraft:dirt":18,"minecraft:wooden_sword":1,"minecraft:iron_axe":1,"minecraft:iron_leggings":1,"minecraft:bone":11,"minecraft:apple":8,"minecraft:wheat_seeds":14,"minecraft:cobbled_deepslate":8,"minecraft:raw_gold":2,"minecraft:stone_pickaxe":1,"minecraft:beef":10,"minecraft:iron_ingot":19,"minecraft:poppy":2,"minecraft:iron_pickaxe":1,"minecraft:chest":4,"minecraft:oak_planks":5,"minecraft:iron_sword":1,"minecraft:furnace":6,"minecraft:egg":2,"minecraft:raw_iron":55,"minecraft:stick":17,"minecraft:porkchop":3,"minecraft:white_bed":1,"minecraft:diorite":2,"minecraft:carrot":6,"minecraft:mossy_cobblestone":3,"minecraft:spider_eye":1,"minecraft:stone_sword":3,"minecraft:arrow":9,"minecraft:rotten_flesh":12,"minecraft:stone_axe":2,"minecraft:iron_helmet":1,"minecraft:hay_block":12,"minecraft:granite":3,"minecraft:bread":6,"minecraft:oak_sapling":7,"minecraft:coal":4,"minecraft:cobblestone":45},"minecraft:mined":{"minecraft:white_bed":1,"minecraft:crafting_table":6,"minecraft:granite":3,"minecraft:short_grass":27,"minecraft:chest":2,"minecraft:tall_grass":5,"minecraft:cobblestone":13,"minecraft:diorite":2,"minecraft:hay_block":14,"minecraft:furnace":1,"minecraft:carrots":4,"minecraft:iron_ore":9,"minecraft:wheat":8,"minecraft:yellow_bed":2,"minecraft:bee_nest":1,"minecraft:potatoes":2,"minecraft:oak_log":10,"minecraft:deepslate_iron_ore":3,"minecraft:dirt":1,"minecraft:stone":14,"minecraft:gold_ore":1,"minecraft:oak_leaves":9,"minecraft:deepslate":3}},"DataVersion":3955}