{"stats":{"minecraft:used":{"minecraft:oak_log":1},"minecraft:custom":{"minecraft:jump":53,"minecraft:time_since_rest":3455,"minecraft:damage_dealt":20,"minecraft:sprint_one_cm":7073,"minecraft:play_time":3455,"minecraft:time_since_death":3455,"minecraft:walk_one_cm":3404,"minecraft:total_world_time":3455,"minecraft:fall_one_cm":1730,"minecraft:fly_one_cm":12222},"minecraft:picked_up":{"minecraft:oak_log":2},"minecraft:mined":{"minecraft:short_grass":1,"minecraft:oak_log":2}},"DataVersion":3955}