{"stats":{"minecraft:used":{"minecraft:crafting_table":1},"minecraft:custom":{"minecraft:time_since_rest":1946,"minecraft:crouch_one_cm":717,"minecraft:play_time":1946,"minecraft:interact_with_furnace":3,"minecraft:sprint_one_cm":4376,"minecraft:damage_taken":90,"minecraft:walk_one_cm":5791,"minecraft:sneak_time":202,"minecraft:walk_under_water_one_cm":128,"minecraft:jump":45,"minecraft:damage_dealt":7,"minecraft:time_since_death":1946,"minecraft:walk_on_water_one_cm":425,"minecraft:total_world_time":1946,"minecraft:interact_with_crafting_table":2,"minecraft:fall_one_cm":743,"minecraft:fly_one_cm":5150},"minecraft:picked_up":{"minecraft:arrow":1,"minecraft:crafting_table":1,"minecraft:feather":8,"minecraft:bone":5,"minecraft:oak_fence":2,"minecraft:wheat_seeds":4,"minecraft:brewing_stand":1,"minecraft:egg":2}},"DataVersion":3955}