{"stats":{"minecraft:used":{"minecraft:crafting_table":1,"minecraft:oak_sapling":1,"minecraft:bread":4,"minecraft:egg":2},"minecraft:custom":{"minecraft:time_since_rest":56,"minecraft:deaths":2,"minecraft:crouch_one_cm":898,"minecraft:play_time":9014,"minecraft:interact_with_furnace":3,"minecraft:sprint_one_cm":33306,"minecraft:damage_taken":725,"minecraft:walk_one_cm":21961,"minecraft:sneak_time":627,"minecraft:walk_under_water_one_cm":295,"minecraft:jump":227,"minecraft:damage_dealt":81,"minecraft:leave_game":1,"minecraft:time_since_death":0,"minecraft:walk_on_water_one_cm":2920,"minecraft:total_world_time":9014,"minecraft:interact_with_crafting_table":2,"minecraft:fall_one_cm":12151,"minecraft:fly_one_cm":43506},"minecraft:killed_by":{"minecraft:skeleton":1,"minecraft:zombie":1},"minecraft:picked_up":{"minecraft:wooden_axe":1,"minecraft:raw_iron":3,"minecraft:arrow":1,"minecraft:crafting_table":1,"minecraft:feather":8,"minecraft:bone":5,"minecraft:glow_ink_sac":1,"minecraft:oak_fence":2,"minecraft:wheat_seeds":4,"minecraft:wooden_pickaxe":1,"minecraft:oak_log":6,"minecraft:bread":14,"minecraft:brewing_stand":1,"minecraft:oak_sapling":1,"minecraft:coal":1,"minecraft:egg":2},"minecraft:mined":{"minecraft:oak_log":6,"minecraft:oak_sapling":1,"minecraft:short_grass":1}},"DataVersion":3955}