{"stats":{"minecraft:picked_up":{"minecraft:wooden_axe":6,"minecraft:crafting_table":7,"minecraft:wheat":18,"minecraft:chicken":38,"minecraft:diamond_sword":3,"minecraft:wooden_pickaxe":12,"minecraft:oak_stairs":2,"minecraft:brewing_stand":1,"minecraft:shield":7,"minecraft:string":2,"minecraft:soul_soil":1,"minecraft:iron_axe":2,"minecraft:wooden_sword":4,"minecraft:iron_leggings":5,"minecraft:diamond_leggings":1,"minecraft:cobbled_deepslate":14,"minecraft:beef":7,"minecraft:iron_pickaxe":3,"minecraft:lectern":8,"minecraft:furnace":2,"minecraft:iron_boots":2,"minecraft:egg":1,"minecraft:stick":2,"minecraft:raw_iron":38,"minecraft:oak_door":3,"minecraft:torch":15,"minecraft:carrot":2,"minecraft:diamond_chestplate":1,"minecraft:stone_sword":14,"minecraft:arrow":15,"minecraft:rotten_flesh":55,"minecraft:diamond_boots":1,"minecraft:iron_block":1,"minecraft:mutton":2,"minecraft:white_wool":7,"minecraft:cobblestone":17,"minecraft:stripped_oak_log":54,"minecraft:leather_chestplate":5,"minecraft:water_bucket":1,"minecraft:glow_ink_sac":15,"minecraft:andesite":2,"minecraft:leather":5,"minecraft:filled_map":1,"minecraft:oak_log":87,"minecraft:yellow_bed":4,"minecraft:gunpowder":2,"minecraft:dirt":18,"minecraft:bone":30,"minecraft:apple":18,"minecraft:wheat_seeds":80,"minecraft:raw_gold":3,"minecraft:stone_pickaxe":6,"minecraft:iron_ingot":25,"minecraft:iron_sword":7,"minecraft:oak_planks":88,"minecraft:soul_sand":7,"minecraft:book":48,"minecraft:dandelion":8,"minecraft:crying_obsidian":1,"minecraft:spider_eye":4,"minecraft:leather_helmet":3,"minecraft:mossy_cobblestone":3,"minecraft:diamond_shovel":1,"minecraft:diamond":2,"minecraft:stone_axe":14,"minecraft:granite":5,"minecraft:diamond_axe":2,"minecraft:bread":92,"minecraft:oak_sapling":10,"minecraft:coal":8,"minecraft:netherrack":1},"minecraft:used":{"minecraft:stone_sword":2,"minecraft:iron_sword":12,"minecraft:torch":21,"minecraft:wooden_axe":14,"minecraft:diamond_chestplate":1,"minecraft:furnace":1,"minecraft:cobbled_deepslate":1,"minecraft:iron_leggings":1,"minecraft:diamond_boots":1,"minecraft:stone_pickaxe":32,"minecraft:oak_planks":19,"minecraft:wooden_pickaxe":16,"minecraft:diamond_axe":13,"minecraft:white_wool":1,"minecraft:crafting_table":7,"minecraft:iron_pickaxe":21,"minecraft:stone_axe":78,"minecraft:diamond_sword":10},"minecraft:dropped":{"minecraft:water_bucket":2,"minecraft:iron_ingot":1,"minecraft:bread":3,"minecraft:wheat_seeds":2,"minecraft:diamond_axe":1,"minecraft:diamond_leggings":1,"minecraft:book":12,"minecraft:leather":5,"minecraft:granite":5,"minecraft:coal":4,"minecraft:leather_helmet":1,"minecraft:dirt":18,"minecraft:brewing_stand":1,"minecraft:wooden_axe":5,"minecraft:iron_leggings":1,"minecraft:wooden_sword":4,"minecraft:iron_pickaxe":1,"minecraft:white_wool":2,"minecraft:bone":4,"minecraft:oak_door":1,"minecraft:stone_axe":7,"minecraft:stone_sword":4,"minecraft:cobbled_deepslate":1,"minecraft:chicken":11,"minecraft:rotten_flesh":3,"minecraft:oak_planks":40,"minecraft:leather_chestplate":3,"minecraft:diamond_chestplate":1,"minecraft:spider_eye":3,"minecraft:diamond_boots":1,"minecraft:arrow":5,"minecraft:wooden_pickaxe":6,"minecraft:lectern":1},"minecraft:broken":{"minecraft:leather_chestplate":1},"minecraft:custom":{"minecraft:mob_kills":4,"minecraft:interact_with_crafting_table":15,"minecraft:bell_ring":19,"minecraft:leave_game":2,"minecraft:time_since_death":1437,"minecraft:climb_one_cm":1111,"minecraft:sprint_one_cm":7163,"minecraft:walk_one_cm":453064,"minecraft:drop":61,"minecraft:play_time":138895,"minecraft:deaths":16,"minecraft:sneak_time":1811,"minecraft:walk_under_water_one_cm":2863,"minecraft:jump":724,"minecraft:walk_on_water_one_cm":18860,"minecraft:total_world_time":138895,"minecraft:interact_with_furnace":10,"minecraft:sleep_in_bed":1,"minecraft:time_since_rest":1622,"minecraft:damage_taken":4719,"minecraft:damage_dealt":1102,"minecraft:player_kills":1,"minecraft:fly_one_cm":6956,"minecraft:open_chest":18,"minecraft:crouch_one_cm":1764,"minecraft:fall_one_cm":11788},"minecraft:mined":{"minecraft:white_bed":1,"minecraft:oak_door":1,"minecraft:granite":1,"minecraft:grass_block":1,"minecraft:soul_soil":1,"minecraft:furnace":2,"minecraft:iron_ore":18,"minecraft:fire":1,"minecraft:andesite":1,"minecraft:bookshelf":4,"minecraft:deepslate_iron_ore":2,"minecraft:stripped_oak_log":16,"minecraft:stone":3,"minecraft:soul_sand":7,"minecraft:crafting_table":5,"minecraft:torch":2,"minecraft:short_grass":40,"minecraft:lectern":1,"minecraft:tall_grass":7,"minecraft:cobblestone":9,"minecraft:wall_torch":4,"minecraft:yellow_bed":2,"minecraft:oak_log":46,"minecraft:coal_ore":4,"minecraft:dirt":1,"minecraft:netherrack":6,"minecraft:oak_leaves":7,"minecraft:deepslate":3},"minecraft:killed":{"minecraft:spider":1,"minecraft:chicken":1,"minecraft:zombie":1,"minecraft:blaze":1},"minecraft:killed_by":{"minecraft:player":10,"minecraft:creeper":1,"minecraft:zombie":3},"minecraft:crafted":{"minecraft:wooden_sword":2,"minecraft:oak_planks":116,"minecraft:iron_boots":1,"minecraft:stone_pickaxe":1,"minecraft:crafting_table":3,"minecraft:wooden_pickaxe":2,"minecraft:iron_sword":1,"minecraft:stone_axe":1,"minecraft:shield":1,"minecraft:stick":32,"minecraft:iron_ingot":17,"minecraft:wooden_axe":2,"minecraft:stone_sword":1,"minecraft:iron_leggings":1,"minecraft:torch":12}},"DataVersion":3955}