{"stats":{"minecraft:crafted":{"minecraft:wooden_sword":2,"minecraft:oak_planks":76,"minecraft:crafting_table":2,"minecraft:wooden_pickaxe":2,"minecraft:iron_sword":1,"minecraft:stone_axe":1,"minecraft:shield":1,"minecraft:stick":20,"minecraft:iron_ingot":17,"minecraft:stone_pickaxe":1,"minecraft:wooden_axe":2,"minecraft:stone_sword":1,"minecraft:iron_leggings":1,"minecraft:torch":12},"minecraft:used":{"minecraft:stone_sword":2,"minecraft:stone_pickaxe":32,"minecraft:oak_planks":19,"minecraft:wooden_pickaxe":16,"minecraft:iron_sword":6,"minecraft:white_wool":1,"minecraft:torch":20,"minecraft:crafting_table":6,"minecraft:wooden_axe":14,"minecraft:iron_pickaxe":5,"minecraft:stone_axe":67,"minecraft:furnace":1,"minecraft:cobbled_deepslate":1,"minecraft:iron_leggings":1},"minecraft:custom":{"minecraft:interact_with_furnace":10,"minecraft:mob_kills":3,"minecraft:interact_with_crafting_table":12,"minecraft:bell_ring":19,"minecraft:time_since_death":1748,"minecraft:sleep_in_bed":1,"minecraft:climb_one_cm":1111,"minecraft:time_since_rest":359,"minecraft:sprint_one_cm":1857,"minecraft:damage_taken":1607,"minecraft:walk_one_cm":318719,"minecraft:drop":41,"minecraft:damage_dealt":379,"minecraft:fly_one_cm":2246,"minecraft:open_chest":17,"minecraft:crouch_one_cm":554,"minecraft:play_time":70361,"minecraft:deaths":6,"minecraft:sneak_time":820,"minecraft:walk_under_water_one_cm":2863,"minecraft:jump":455,"minecraft:walk_on_water_one_cm":15409,"minecraft:total_world_time":70361,"minecraft:fall_one_cm":7403},"minecraft:dropped":{"minecraft:water_bucket":2,"minecraft:iron_ingot":1,"minecraft:stone_axe":2,"minecraft:wheat_seeds":2,"minecraft:rotten_flesh":3,"minecraft:chicken":11,"minecraft:book":12,"minecraft:granite":5,"minecraft:coal":4,"minecraft:leather_helmet":1,"minecraft:leather_chestplate":3,"minecraft:dirt":18,"minecraft:brewing_stand":1,"minecraft:wooden_axe":5,"minecraft:spider_eye":1,"minecraft:iron_leggings":1,"minecraft:wooden_sword":4,"minecraft:arrow":5,"minecraft:wooden_pickaxe":5,"minecraft:white_wool":2,"minecraft:bone":4,"minecraft:lectern":1,"minecraft:oak_door":1},"minecraft:killed":{"minecraft:spider":1,"minecraft:zombie":1,"minecraft:chicken":1},"minecraft:killed_by":{"minecraft:player":3,"minecraft:zombie":2},"minecraft:picked_up":{"minecraft:wooden_axe":6,"minecraft:stripped_oak_log":54,"minecraft:leather_chestplate":4,"minecraft:wheat":18,"minecraft:crafting_table":5,"minecraft:chicken":38,"minecraft:water_bucket":1,"minecraft:glow_ink_sac":9,"minecraft:andesite":2,"minecraft:wooden_pickaxe":10,"minecraft:filled_map":1,"minecraft:oak_log":77,"minecraft:brewing_stand":1,"minecraft:yellow_bed":3,"minecraft:shield":3,"minecraft:iron_axe":2,"minecraft:string":2,"minecraft:dirt":18,"minecraft:wooden_sword":4,"minecraft:iron_leggings":5,"minecraft:bone":12,"minecraft:apple":18,"minecraft:wheat_seeds":41,"minecraft:cobbled_deepslate":8,"minecraft:raw_gold":3,"minecraft:beef":7,"minecraft:iron_ingot":21,"minecraft:stone_pickaxe":6,"minecraft:iron_pickaxe":2,"minecraft:lectern":7,"minecraft:iron_sword":5,"minecraft:oak_planks":34,"minecraft:egg":1,"minecraft:iron_boots":2,"minecraft:furnace":2,"minecraft:book":48,"minecraft:stick":2,"minecraft:raw_iron":38,"minecraft:oak_door":3,"minecraft:torch":13,"minecraft:carrot":2,"minecraft:mossy_cobblestone":3,"minecraft:spider_eye":2,"minecraft:leather_helmet":3,"minecraft:stone_sword":9,"minecraft:arrow":13,"minecraft:rotten_flesh":7,"minecraft:diamond":2,"minecraft:stone_axe":8,"minecraft:granite":5,"minecraft:bread":40,"minecraft:oak_sapling":10,"minecraft:mutton":2,"minecraft:coal":8,"minecraft:white_wool":7,"minecraft:cobblestone":16},"minecraft:mined":{"minecraft:white_bed":1,"minecraft:oak_door":1,"minecraft:crafting_table":4,"minecraft:torch":2,"minecraft:granite":1,"minecraft:short_grass":34,"minecraft:grass_block":1,"minecraft:lectern":1,"minecraft:cobblestone":9,"minecraft:tall_grass":5,"minecraft:wall_torch":3,"minecraft:furnace":2,"minecraft:iron_ore":18,"minecraft:andesite":1,"minecraft:yellow_bed":2,"minecraft:oak_log":35,"minecraft:bookshelf":4,"minecraft:coal_ore":4,"minecraft:deepslate_iron_ore":2,"minecraft:stripped_oak_log":16,"minecraft:stone":3,"minecraft:deepslate":3,"minecraft:oak_leaves":7}},"DataVersion":3955}