{"stats":{"minecraft:crafted":{"minecraft:wooden_sword":2,"minecraft:oak_planks":56,"minecraft:shield":1,"minecraft:crafting_table":2,"minecraft:stick":16,"minecraft:wooden_pickaxe":2,"minecraft:stone_pickaxe":1,"minecraft:wooden_axe":2,"minecraft:stone_sword":1,"minecraft:stone_axe":1},"minecraft:used":{"minecraft:wooden_axe":14,"minecraft:stone_pickaxe":1,"minecraft:oak_planks":1,"minecraft:wooden_pickaxe":16,"minecraft:stone_axe":53,"minecraft:crafting_table":3},"minecraft:custom":{"minecraft:time_since_rest":13999,"minecraft:sprint_one_cm":188,"minecraft:damage_taken":281,"minecraft:walk_one_cm":107862,"minecraft:mob_kills":1,"minecraft:drop":13,"minecraft:damage_dealt":99,"minecraft:interact_with_crafting_table":8,"minecraft:fly_one_cm":257,"minecraft:open_chest":2,"minecraft:crouch_one_cm":252,"minecraft:play_time":22361,"minecraft:deaths":1,"minecraft:sneak_time":132,"minecraft:walk_under_water_one_cm":1909,"minecraft:jump":77,"minecraft:time_since_death":13933,"minecraft:walk_on_water_one_cm":4513,"minecraft:total_world_time":22361,"minecraft:climb_one_cm":424,"minecraft:fall_one_cm":1428},"minecraft:dropped":{"minecraft:wooden_axe":5,"minecraft:wooden_sword":4,"minecraft:wooden_pickaxe":4},"minecraft:killed":{"minecraft:chicken":1},"minecraft:picked_up":{"minecraft:wooden_axe":5,"minecraft:stripped_oak_log":16,"minecraft:stick":2,"minecraft:crafting_table":2,"minecraft:chicken":1,"minecraft:wooden_pickaxe":3,"minecraft:oak_log":32,"minecraft:carrot":1,"minecraft:wooden_sword":3,"minecraft:wheat_seeds":5,"minecraft:iron_ingot":1,"minecraft:lectern":1,"minecraft:oak_planks":1,"minecraft:cobblestone":8,"minecraft:book":12},"minecraft:mined":{"minecraft:crafting_table":2,"minecraft:torch":1,"minecraft:short_grass":30,"minecraft:bookshelf":4,"minecraft:grass_block":1,"minecraft:oak_log":32,"minecraft:lectern":1,"minecraft:stripped_oak_log":16,"minecraft:tall_grass":5,"minecraft:cobblestone":9,"minecraft:oak_leaves":7}},"DataVersion":3955}