{"stats":{"minecraft:crafted":{"minecraft:wooden_sword":2,"minecraft:oak_planks":76,"minecraft:crafting_table":2,"minecraft:wooden_pickaxe":2,"minecraft:iron_sword":1,"minecraft:stone_axe":1,"minecraft:shield":1,"minecraft:stick":20,"minecraft:iron_ingot":17,"minecraft:stone_pickaxe":1,"minecraft:wooden_axe":2,"minecraft:stone_sword":1,"minecraft:iron_leggings":1,"minecraft:torch":12},"minecraft:used":{"minecraft:stone_sword":2,"minecraft:stone_pickaxe":32,"minecraft:oak_planks":17,"minecraft:wooden_pickaxe":16,"minecraft:iron_sword":1,"minecraft:torch":19,"minecraft:crafting_table":5,"minecraft:wooden_axe":14,"minecraft:stone_axe":67,"minecraft:furnace":1,"minecraft:iron_leggings":1},"minecraft:custom":{"minecraft:interact_with_furnace":10,"minecraft:mob_kills":1,"minecraft:interact_with_crafting_table":11,"minecraft:bell_ring":19,"minecraft:time_since_death":1676,"minecraft:climb_one_cm":1111,"minecraft:time_since_rest":1703,"minecraft:sprint_one_cm":1827,"minecraft:damage_taken":1212,"minecraft:walk_one_cm":293506,"minecraft:drop":18,"minecraft:damage_dealt":246,"minecraft:fly_one_cm":1851,"minecraft:open_chest":3,"minecraft:crouch_one_cm":449,"minecraft:play_time":58361,"minecraft:deaths":4,"minecraft:sneak_time":778,"minecraft:walk_under_water_one_cm":2863,"minecraft:jump":418,"minecraft:walk_on_water_one_cm":15409,"minecraft:total_world_time":58361,"minecraft:fall_one_cm":7194},"minecraft:dropped":{"minecraft:iron_ingot":1,"minecraft:wheat_seeds":2,"minecraft:granite":1,"minecraft:coal":2,"minecraft:wooden_axe":5,"minecraft:iron_leggings":1,"minecraft:wooden_sword":4,"minecraft:wooden_pickaxe":4},"minecraft:killed":{"minecraft:chicken":1},"minecraft:killed_by":{"minecraft:player":2,"minecraft:zombie":1},"minecraft:picked_up":{"minecraft:wooden_axe":5,"minecraft:stripped_oak_log":54,"minecraft:leather_chestplate":2,"minecraft:wheat":18,"minecraft:crafting_table":4,"minecraft:chicken":16,"minecraft:glow_ink_sac":9,"minecraft:andesite":2,"minecraft:wooden_pickaxe":8,"minecraft:oak_log":77,"minecraft:brewing_stand":1,"minecraft:yellow_bed":3,"minecraft:shield":1,"minecraft:dirt":18,"minecraft:wooden_sword":3,"minecraft:iron_leggings":3,"minecraft:bone":8,"minecraft:apple":10,"minecraft:wheat_seeds":41,"minecraft:cobbled_deepslate":4,"minecraft:beef":7,"minecraft:iron_ingot":21,"minecraft:stone_pickaxe":5,"minecraft:lectern":4,"minecraft:iron_sword":2,"minecraft:oak_planks":27,"minecraft:iron_boots":2,"minecraft:furnace":2,"minecraft:book":48,"minecraft:stick":2,"minecraft:raw_iron":38,"minecraft:oak_door":3,"minecraft:torch":11,"minecraft:carrot":2,"minecraft:spider_eye":2,"minecraft:leather_helmet":2,"minecraft:stone_sword":5,"minecraft:rotten_flesh":3,"minecraft:stone_axe":6,"minecraft:granite":5,"minecraft:bread":9,"minecraft:mutton":2,"minecraft:coal":7,"minecraft:white_wool":2,"minecraft:cobblestone":16},"minecraft:mined":{"minecraft:oak_door":1,"minecraft:crafting_table":4,"minecraft:torch":2,"minecraft:granite":1,"minecraft:short_grass":33,"minecraft:grass_block":1,"minecraft:lectern":1,"minecraft:cobblestone":9,"minecraft:tall_grass":5,"minecraft:wall_torch":3,"minecraft:furnace":2,"minecraft:iron_ore":18,"minecraft:andesite":1,"minecraft:yellow_bed":2,"minecraft:oak_log":35,"minecraft:bookshelf":4,"minecraft:coal_ore":4,"minecraft:deepslate_iron_ore":2,"minecraft:stripped_oak_log":16,"minecraft:stone":3,"minecraft:oak_leaves":7}},"DataVersion":3955}