{"stats":{"minecraft:crafted":{"minecraft:wooden_sword":2,"minecraft:oak_planks":72,"minecraft:crafting_table":2,"minecraft:wooden_pickaxe":2,"minecraft:stone_axe":1,"minecraft:shield":1,"minecraft:stick":20,"minecraft:iron_ingot":1,"minecraft:stone_pickaxe":1,"minecraft:wooden_axe":2,"minecraft:stone_sword":1,"minecraft:torch":12},"minecraft:used":{"minecraft:stone_sword":2,"minecraft:stone_pickaxe":30,"minecraft:oak_planks":11,"minecraft:wooden_pickaxe":16,"minecraft:torch":17,"minecraft:crafting_table":3,"minecraft:wooden_axe":14,"minecraft:stone_axe":64},"minecraft:custom":{"minecraft:interact_with_furnace":2,"minecraft:mob_kills":1,"minecraft:interact_with_crafting_table":8,"minecraft:bell_ring":19,"minecraft:time_since_death":20079,"minecraft:climb_one_cm":1111,"minecraft:time_since_rest":20110,"minecraft:sprint_one_cm":1429,"minecraft:damage_taken":640,"minecraft:walk_one_cm":252937,"minecraft:drop":15,"minecraft:damage_dealt":246,"minecraft:fly_one_cm":859,"minecraft:open_chest":3,"minecraft:crouch_one_cm":388,"minecraft:play_time":46361,"minecraft:deaths":2,"minecraft:sneak_time":222,"minecraft:walk_under_water_one_cm":2400,"minecraft:jump":361,"minecraft:walk_on_water_one_cm":12135,"minecraft:total_world_time":46361,"minecraft:fall_one_cm":6650},"minecraft:dropped":{"minecraft:wheat_seeds":2,"minecraft:coal":2,"minecraft:wooden_axe":5,"minecraft:wooden_sword":4,"minecraft:wooden_pickaxe":4},"minecraft:killed":{"minecraft:chicken":1},"minecraft:killed_by":{"minecraft:player":1},"minecraft:picked_up":{"minecraft:wooden_axe":5,"minecraft:stripped_oak_log":32,"minecraft:crafting_table":4,"minecraft:chicken":1,"minecraft:glow_ink_sac":3,"minecraft:andesite":1,"minecraft:wooden_pickaxe":4,"minecraft:oak_log":56,"minecraft:yellow_bed":1,"minecraft:shield":1,"minecraft:wooden_sword":3,"minecraft:wheat_seeds":11,"minecraft:iron_ingot":3,"minecraft:stone_pickaxe":2,"minecraft:lectern":2,"minecraft:oak_planks":14,"minecraft:book":24,"minecraft:stick":2,"minecraft:raw_iron":20,"minecraft:oak_door":1,"minecraft:torch":6,"minecraft:carrot":2,"minecraft:stone_sword":2,"minecraft:stone_axe":2,"minecraft:granite":1,"minecraft:bread":3,"minecraft:coal":6,"minecraft:cobblestone":12},"minecraft:mined":{"minecraft:oak_door":1,"minecraft:crafting_table":3,"minecraft:torch":1,"minecraft:granite":1,"minecraft:short_grass":33,"minecraft:grass_block":1,"minecraft:lectern":1,"minecraft:cobblestone":9,"minecraft:tall_grass":5,"minecraft:wall_torch":1,"minecraft:iron_ore":18,"minecraft:andesite":1,"minecraft:yellow_bed":2,"minecraft:oak_log":35,"minecraft:bookshelf":4,"minecraft:coal_ore":4,"minecraft:deepslate_iron_ore":2,"minecraft:stripped_oak_log":16,"minecraft:stone":3,"minecraft:oak_leaves":7}},"DataVersion":3955}