{"stats":{"minecraft:crafted":{"minecraft:wooden_sword":1,"minecraft:oak_planks":20,"minecraft:crafting_table":1,"minecraft:stick":8,"minecraft:wooden_pickaxe":1,"minecraft:wooden_axe":1},"minecraft:used":{"minecraft:wooden_axe":10,"minecraft:crafting_table":1},"minecraft:custom":{"minecraft:open_chest":1,"minecraft:time_since_rest":1999,"minecraft:deaths":1,"minecraft:sprint_one_cm":188,"minecraft:crouch_one_cm":214,"minecraft:play_time":10361,"minecraft:damage_taken":271,"minecraft:walk_one_cm":54519,"minecraft:sneak_time":96,"minecraft:walk_under_water_one_cm":1909,"minecraft:mob_kills":1,"minecraft:jump":62,"minecraft:damage_dealt":90,"minecraft:walk_on_water_one_cm":4513,"minecraft:time_since_death":1933,"minecraft:total_world_time":10361,"minecraft:interact_with_crafting_table":1,"minecraft:fall_one_cm":824,"minecraft:fly_one_cm":111},"minecraft:killed":{"minecraft:chicken":1},"minecraft:picked_up":{"minecraft:wooden_axe":1,"minecraft:chicken":1,"minecraft:wheat_seeds":3,"minecraft:oak_log":9,"minecraft:oak_planks":1},"minecraft:mined":{"minecraft:short_grass":17,"minecraft:grass_block":1,"minecraft:oak_log":9,"minecraft:oak_leaves":1,"minecraft:torch":1}},"DataVersion":3955}