{"stats":{"minecraft:crafted":{"minecraft:wooden_sword":2,"minecraft:oak_planks":56,"minecraft:shield":1,"minecraft:crafting_table":2,"minecraft:stick":20,"minecraft:wooden_pickaxe":2,"minecraft:stone_pickaxe":1,"minecraft:wooden_axe":2,"minecraft:stone_sword":1,"minecraft:torch":8,"minecraft:stone_axe":1},"minecraft:used":{"minecraft:wooden_axe":14,"minecraft:stone_sword":2,"minecraft:stone_pickaxe":8,"minecraft:oak_planks":1,"minecraft:wooden_pickaxe":16,"minecraft:torch":9,"minecraft:stone_axe":63,"minecraft:crafting_table":3},"minecraft:custom":{"minecraft:time_since_rest":8110,"minecraft:sprint_one_cm":1150,"minecraft:damage_taken":640,"minecraft:walk_one_cm":199778,"minecraft:mob_kills":1,"minecraft:drop":14,"minecraft:damage_dealt":246,"minecraft:interact_with_crafting_table":8,"minecraft:fly_one_cm":542,"minecraft:open_chest":3,"minecraft:crouch_one_cm":318,"minecraft:play_time":34361,"minecraft:deaths":2,"minecraft:bell_ring":19,"minecraft:sneak_time":168,"minecraft:walk_under_water_one_cm":2064,"minecraft:jump":213,"minecraft:time_since_death":8079,"minecraft:walk_on_water_one_cm":5151,"minecraft:total_world_time":34361,"minecraft:climb_one_cm":1111,"minecraft:fall_one_cm":5963},"minecraft:dropped":{"minecraft:wheat_seeds":2,"minecraft:wooden_axe":5,"minecraft:wooden_sword":4,"minecraft:wooden_pickaxe":4},"minecraft:killed":{"minecraft:chicken":1},"minecraft:killed_by":{"minecraft:player":1},"minecraft:picked_up":{"minecraft:wooden_axe":5,"minecraft:stripped_oak_log":32,"minecraft:raw_iron":1,"minecraft:stick":2,"minecraft:crafting_table":4,"minecraft:chicken":1,"minecraft:oak_door":1,"minecraft:torch":2,"minecraft:wooden_pickaxe":3,"minecraft:oak_log":56,"minecraft:shield":1,"minecraft:carrot":2,"minecraft:wooden_sword":3,"minecraft:stone_sword":1,"minecraft:stone_axe":1,"minecraft:wheat_seeds":5,"minecraft:stone_pickaxe":1,"minecraft:iron_ingot":1,"minecraft:lectern":2,"minecraft:coal":4,"minecraft:oak_planks":14,"minecraft:cobblestone":10,"minecraft:book":24},"minecraft:mined":{"minecraft:oak_door":1,"minecraft:iron_ore":1,"minecraft:coal_ore":4,"minecraft:yellow_bed":1,"minecraft:crafting_table":3,"minecraft:torch":1,"minecraft:short_grass":33,"minecraft:bookshelf":4,"minecraft:grass_block":1,"minecraft:oak_log":35,"minecraft:deepslate_iron_ore":1,"minecraft:lectern":1,"minecraft:stripped_oak_log":16,"minecraft:tall_grass":5,"minecraft:cobblestone":9,"minecraft:stone":1,"minecraft:oak_leaves":7,"minecraft:wall_torch":1}},"DataVersion":3955}